Username,Grade,discussions,problems,videos
Igarcia41088,0.9500000000000014,4,327,423
Jacob_Allen73,0.9899999999999993,0,342,21
ChristianJantz,1.0,50,140,148
MortenB,1.0,8,348,43
lrga1975,0.9099999999999981,0,330,161
PovilasNorvila,1.0,16,246,208
MJMH,0.9600000000000006,1,318,410
joselotalavera,1.0,0,347,428
dhakalprabesh,0.8700000000000002,1,321,381
Boris_Shiryayev,0.9799999999999992,0,341,379
eduardo4g,0.9699999999999992,0,322,337
jglopeziba,0.9800000000000002,13,344,292
psanzmercado,1.0,1,248,225
majorfission,0.7999999999999985,1,233,310
yashgyy,0.9899999999999993,0,339,151
SergioNavarroAlmaida,0.8199999999999987,0,293,251
lukerajan,0.9399999999999987,4,329,385
JSS85473,0.8499999999999993,27,173,210
MrKnight87,0.9699999999999992,0,335,341
JHoff00,1.0,1,346,414
huckleberry53,1.0,0,345,2
Tuxed,0.9699999999999992,0,301,298
bronwynsmall,0.7999999999999985,13,290,494
wren_mott,0.8100000000000012,18,168,277
Ma_To,0.7999999999999985,0,273,278
carmineguida,1.0,11,347,338
abidhasan786,0.8599999999999995,0,309,354
seanimaal,0.899999999999999,0,319,393
srija-rallabhandy,0.7999999999999995,6,302,140
Cheng-tingTsou,0.7999999999999989,1,296,368
yihsulo,0.9900000000000005,0,339,398
WayneGillo,0.9900000000000004,1,339,426
ericas1026,0.8299999999999988,0,301,95
SladeDillard,0.7999999999999993,5,304,330
IsaacBaer,0.8200000000000002,0,316,175
JacobRanger,0.7999999999999993,0,323,106
isidrocalvo,0.9900000000000002,0,344,421
2ro,1.0,0,347,54
Jon_Scott,0.8800000000000006,9,335,422
UnkleRhaukus,1.0,9,351,453
Marc_Poljak,0.9500000000000004,5,338,410
kevinckotw,0.99,0,340,435
tage360,0.9800000000000003,0,339,417
saurinchoksi,0.9900000000000001,0,345,330
Horacio_Albertini,0.9600000000000007,0,334,421
Filippo_C,0.9200000000000007,4,325,462
sureshkbabu,0.8299999999999992,2,305,418
Brian_Brady,1.0,0,345,399
Ganapathinedi,1.0,0,344,312
deathbycalculus,0.9899999999999993,0,347,414
Alohda,0.6599999999999983,0,281,345
xyt,0.7199999999999993,0,249,252
dennism1025,0.28999999999999937,0,38,0
subrigo,0.29,0,83,2
jkavai83,0.29,0,78,151
NickK7,0.5099999999999999,0,173,160
AndrewDoumouras,0.11,0,18,93
helmutz,0.8799999999999996,3,317,361
bslavin,0.520000000000001,5,94,18
Wobenjo,0.7100000000000006,3,284,66
ouranos,0.17999999999999983,0,73,265
ewhittak,0.2300000000000003,0,66,154
ChrisH1120,0.19000000000000006,0,58,150
sabin342,0.19999999999999998,0,49,129
Schneiny,0.9300000000000019,8,314,340
keith0062,0.9699999999999992,0,299,290
Skaaman,0.3000000000000005,0,74,117
Bektech,0.9899999999999995,3,342,52
aozoz,0.1199999999999998,0,0,1
eperry4750,0.9899999999999994,2,341,420
atanoeratz,0.15000000000000008,0,48,133
Koor,0.17999999999999983,0,47,82
gabipique,0.649999999999999,5,281,378
manrosi,0.24000000000000019,0,89,14
terezgs,0.5099999999999997,0,103,110
No9,0.13000000000000025,0,3,116
MP_Howell,0.12000000000000009,0,23,66
Cfunk112,0.5399999999999998,0,189,10
SoniaSingla,0.14000000000000007,0,33,0
DS135,0.30999999999999994,0,88,93
MichaelJCox,0.75,0,137,152
ArdelAlegre,0.42999999999999977,0,141,109
arisioan,0.16999999999999996,0,37,137
-tom-,0.9800000000000004,0,261,253
LaprasQueen,0.12000000000000002,0,41,201
marctoma,0.30000000000000004,1,91,186
SivanandaRamnath,0.98,0,342,421
jpanknin,0.6199999999999989,0,224,332
dansingmasterua,0.7700000000000006,52,100,149
siamlloyd,0.7599999999999998,5,264,366
abelchev85a9c0,0.46999999999999986,0,158,141
hashmi786,0.15000000000000024,1,47,96
neeraj_kumar_singh,0.3399999999999999,1,102,209
andyh609,0.10999999999999995,0,3,19
Fotis65,0.12,0,19,2
Dele_1,0.3900000000000004,0,106,122
IdrisBenmahdjoub,0.11000000000000008,0,19,76
TASCer,0.8900000000000003,21,304,97
Gert99,0.9300000000000014,4,339,389
philip360,0.12000000000000002,0,21,26
DevinSherry,0.16999999999999996,0,35,25
daniel_wood,0.9500000000000014,0,339,0
farooqi,0.5799999999999987,4,213,301
GPBrooks,0.9899999999999991,0,345,394
ryanseguin32,0.16999999999999996,0,68,3
frumdoc,0.1600000000000001,0,41,154
gamoreau,0.16999999999999996,1,43,125
bribre,0.35000000000000064,65,104,3
anarayanan86,0.2200000000000001,0,68,148
wonder2013,0.2100000000000003,0,61,179
dvcjoncar,0.3299999999999996,0,92,3
JesiFranciscaSalazarNavarro,0.11,0,19,62
TSRSteven,0.14999999999999994,0,61,10
mjheinrich,0.24000000000000019,0,69,176
deepdepressionblue,0.12,0,21,8
learnedjessie206,0.11,0,23,121
Hisham_Nassar,0.24000000000000019,0,97,192
massimobonechi75,0.26999999999999985,0,111,2
Congtiana,0.4499999999999997,0,142,232
oscarthemaddog,0.16000000000000011,0,105,170
llizhang68,0.14,0,36,102
ashishkudesia,0.12000000000000008,0,20,110
JohnAdam,0.9500000000000007,0,309,414
saket02,0.15000000000000024,0,59,114
msosa4,0.11,0,18,59
aman615,0.16,0,58,0
zumster,0.9699999999999992,0,344,91
dcfarcus,0.17999999999999985,0,45,135
Flt_Engineer,0.19000000000000017,3,54,146
Alejo119,0.9799999999999988,0,342,414
richie5573,0.9500000000000015,0,333,415
dbumathlete,0.3399999999999999,0,106,172
sinthia096,0.9900000000000002,0,341,383
vinnielima,0.6000000000000009,0,212,306
tshahel,0.13999999999999996,0,55,143
janwayne,0.64,0,211,186
clook95134,0.4499999999999999,0,140,186
machnior,0.16,0,35,117
Abdiomer,0.8499999999999993,0,255,314
aksuns,0.14000000000000004,0,46,169
frmaf,0.8299999999999987,21,163,141
sercansengun,0.4500000000000001,0,140,234
wozzalockner,0.5,0,201,295
north876,0.16000000000000006,3,34,36
santhosh_hn,0.18999999999999997,0,152,397
Shwetabh01,0.17000000000000004,0,32,2
leonghua13,0.27999999999999986,0,109,208
naresheluri,0.10999999999999997,0,18,102
bluepanther,0.3700000000000001,10,130,261
MichPap,0.9399999999999988,0,324,398
obunga,0.36999999999999966,4,120,223
sybah2,0.18999999999999997,0,82,183
ryanodor,0.8299999999999987,1,112,70
bah001,0.1199999999999998,0,15,0
mokume1965,0.12999999999999995,0,26,112
Charkhian,0.35000000000000064,0,44,63
coregrader,0.44000000000000034,4,133,50
wil_bur,0.5099999999999999,0,195,269
Eddy1001,0.9699999999999992,0,169,169
Rob36,0.36999999999999983,0,121,235
PaulMeredith,1.0,0,348,409
jxt,0.12999999999999992,0,105,199
Abrein,0.40999999999999936,0,125,173
dziont7b2b,0.1199999999999998,0,19,111
Marwil,0.12000000000000008,0,28,124
kamalsharma114,0.5799999999999988,3,246,414
JeremiahZinger,0.13000000000000003,0,43,140
Jdcraft,0.75,0,191,172
AGASTYARAJU,0.15000000000000024,0,33,194
Coderat,0.24000000000000013,0,70,160
Rafa_40,0.9899999999999989,2,341,65
chao22,0.9200000000000004,0,314,293
podoherty,0.6799999999999998,0,272,464
RiyaElizabath,0.14999999999999997,0,24,25
maanee11,1.0,3,354,397
gee_man,0.18000000000000002,3,54,137
pyatnistaya,0.16999999999999996,0,58,153
aenigma77,0.9799999999999989,0,341,294
TaniaGG,0.14,0,27,119
SusanL13,0.7900000000000001,0,285,368
djtoluene,0.45,0,143,228
thermoptics77,0.6400000000000005,1,119,123
Colinz214,0.3699999999999999,0,222,376
Tarasny,0.11000000000000004,0,12,5
faisalavan,0.8000000000000003,1,305,17
jmiacosta,0.11999999999999987,0,20,172
LeoTsay,0.15000000000000022,0,111,506
jamie7070,0.16000000000000006,0,36,120
MichaelG3,0.1199999999999998,0,2,16
JeremiaszPi,0.28000000000000036,0,115,64
Namolot,0.1500000000000001,0,60,141
Supreeth_8,0.10999999999999997,0,43,112
MalgorzataMatysiak,0.3200000000000002,0,192,332
pnulty,0.9599999999999991,0,331,466
kellyoxty,0.39999999999999925,3,106,131
denpol,0.26999999999999974,0,82,196
yassinedz,0.17999999999999983,0,0,6
oleandree,0.6899999999999995,0,241,358
Dan_Lewis,0.9899999999999985,0,308,18
CemaM,0.17999999999999983,0,40,128
NHLo,0.10999999999999997,0,13,7
Chris71,0.1600000000000001,0,48,123
CostaRica50,0.619999999999999,1,229,342
Vadulam,0.37000000000000005,0,129,184
Iadang,0.28999999999999937,0,72,105
osakajoe,0.19999999999999968,0,54,128
uddenhed,0.4799999999999992,1,81,144
BrunoBarbosa1,1.0,0,346,301
ClaudiaAbeledo,0.4600000000000006,1,150,249
anakinfk,0.5600000000000007,0,120,139
freddysuarez,0.19000000000000006,0,55,139
KalpalBhavsar,0.11000000000000001,0,12,88
jmday03,0.5900000000000015,0,106,1
Krugoval,0.15000000000000008,0,83,12
AWCook,1.0,0,347,111
logan016,0.8700000000000004,1,315,282
Phoebe07,0.16999999999999996,0,103,365
VinayDawani,0.14000000000000015,0,37,125
JoeUpNorth,1.0,0,343,381
ValliCawte,0.11000000000000001,0,67,123
benny0130,0.26999999999999963,0,90,71
ctnorth,0.45000000000000023,0,155,284
jenniebrummer,0.8700000000000004,2,279,274
warn59,0.1600000000000001,0,48,104
jgoscha,0.5399999999999995,3,175,104
Mizzourah2006,0.18999999999999997,0,51,89
peuguenia,0.8900000000000005,6,305,267
Damian-W,0.2700000000000001,0,75,167
Mennie10,0.35999999999999965,11,60,114
ThomasMathieson,0.6800000000000002,1,261,257
Stewart_T,0.7999999999999986,6,300,288
HepburnR,0.28999999999999937,0,45,61
kelvincer,0.2400000000000001,0,75,172
SibylleEngelhard,0.9899999999999985,0,259,173
Pseelen,0.4500000000000004,0,101,7
Martian9003,1.0,2,346,455
Manuel_Fernando,0.4500000000000002,4,145,246
Lina2017,0.3399999999999999,0,118,319
c_everhart,0.14,0,31,78
sarah0rines,0.15,0,37,118
Yinkalao,0.3000000000000004,0,87,220
jhangwu,0.9699999999999992,18,335,373
Deathrezen,0.7399999999999999,0,255,284
MarcosMelendezSantiago,0.3299999999999992,3,102,174
Timmmaaayyy,0.4299999999999998,5,137,244
josephhanbinlee,0.5300000000000001,0,210,256
michele_ti,0.4600000000000007,1,14,18
shwetu49,0.16999999999999996,0,42,171
rxoct,0.11000000000000001,0,12,8
tumibs,0.12000000000000009,0,22,102
javvargas,0.9599999999999994,0,326,424
JontiR,0.9899999999999992,5,338,350
dskim6789,0.2100000000000005,0,23,62
murpheyz,0.39000000000000035,0,121,193
OliviaGibson,0.16999999999999996,0,41,7
JennySyhapanha,0.17999999999999983,0,20,24
Saywlee,0.1199999999999998,0,22,125
ausmila,0.19000000000000017,0,55,180
icmagic8,0.6299999999999998,0,232,203
MonicaITA,0.9200000000000014,1,195,179
ManjeeraChanda,0.3499999999999998,0,107,212
abhinavmittra,0.3000000000000005,0,100,192
sethdeep12,0.11,2,18,97
ylc0006,0.12999999999999995,0,44,135
paul1w1,0.3900000000000004,3,103,103
Jeffmelie,0.12000000000000009,0,21,119
ClaraCH_50,0.16000000000000003,0,50,153
rfilipesousa,0.16999999999999996,0,35,107
Lee_Ol,0.4900000000000002,0,150,282
Agbflo,0.13000000000000025,0,24,42
danaeaugerinou,0.7999999999999985,0,286,306
superboss777,0.9200000000000014,0,144,125
hannadicker,0.7800000000000008,0,172,122
Sabin01,0.16000000000000006,0,34,139
rrangelb,0.32999999999999935,0,91,198
WesleySt,0.4600000000000007,0,97,98
srmantrala,0.3000000000000004,1,82,187
jearriola,0.23000000000000034,0,66,151
zambon,0.19000000000000006,0,56,86
rfriedrich2703,0.2000000000000001,0,112,231
Terao,0.10999999999999999,0,12,4
Khinaye,0.2199999999999999,0,130,310
Aaron1984,0.2199999999999999,0,122,87
VISWABHARGAV,0.5099999999999997,0,167,267
tabthanasak,0.6099999999999997,0,222,315
Dfvivas,0.32000000000000023,2,75,88
raghugreddy,0.8199999999999987,0,203,175
ToddBunce,0.31000000000000005,0,94,195
AathiraGNair,0.26999999999999974,0,124,97
Shreya_upadhyay,0.5,0,193,1
vijijagan,0.6400000000000003,0,231,200
Kasperdeschepper,0.16999999999999996,0,39,83
MarekNetusil,0.23000000000000015,0,92,64
gustavo_boriolo,0.11,0,12,3
TranHNhi,0.6799999999999998,4,245,389
rakhshanda14,0.5900000000000015,7,165,163
Shivam1907,0.520000000000001,4,167,162
MatthewDeis,0.17999999999999985,0,91,233
HelderMGuimaraes,0.24000000000000019,0,71,166
SeyitKalinkara,0.12000000000000008,0,22,128
utmanzai,0.5399999999999993,0,179,210
GeorgeSchuler,0.19000000000000006,0,49,5
Mirko_V,0.9099999999999987,3,324,341
ybn,0.32000000000000023,2,113,238
HubertSmieciuch,0.22000000000000025,0,92,168
phama02,0.25,0,100,237
tarushisolanki,0.19000000000000017,0,100,212
LenaF1234,0.32000000000000006,0,88,186
Parapim,0.2600000000000005,0,65,141
Sfz22,0.26999999999999974,0,90,233
UWRyan,0.33,7,91,189
TPolo,0.9200000000000014,15,327,421
DarekU,0.30999999999999994,0,87,11
KEW60543,0.5900000000000015,0,97,162
joelef,0.7000000000000013,0,171,203
awaissalman,0.19000000000000006,0,74,104
AdilMohammad2017,0.12,0,22,114
zed5274,0.39,0,120,46
BR-Davis,0.2100000000000005,0,41,83
bjorn2001,0.4600000000000006,0,153,246
Marcial_Carballido,0.39000000000000035,0,122,231
dkoumaridis,0.16999999999999996,0,51,3
tittomathews,0.23000000000000034,0,61,143
teosve,0.6300000000000002,0,220,293
lakshmanabhaskar_j,0.11000000000000003,0,12,87
Lance_S,0.4499999999999995,0,215,348
FrancescoGerecitano,0.16999999999999998,0,37,98
BrianSchell,0.7999999999999987,0,296,238
adrienne_leigh,0.3200000000000002,0,128,288
Panagiotis-Pavlidis,0.12000000000000006,0,26,143
MattiasLindstrom,0.5900000000000015,1,199,611
rjh427,0.4499999999999995,10,145,36
romafer,0.4600000000000001,0,144,162
LarryS128,0.20000000000000007,0,59,108
SergueiMarkovic,0.29999999999999993,2,102,215
AbieKachler,0.33,8,98,206
turalomarov,0.5700000000000002,0,243,352
benjaminrobe,0.12000000000000005,0,25,104
axa0176,0.3200000000000002,0,86,173
jboyce1031,0.12000000000000008,0,32,93
tcheung,0.9800000000000004,376,163,222
WitekB,0.19,0,54,1
AaronMolenda,0.3299999999999991,0,132,229
UncleMeat,0.9300000000000008,8,327,415
Caro1982,0.4100000000000001,0,133,230
Hard2Want,0.7599999999999995,4,288,360
ekmorris,0.989999999999999,0,342,424
SandraCarballido,0.16999999999999996,0,64,51
Kiltie,0.8199999999999987,4,166,375
aandradem,0.35000000000000064,0,51,74
Jan,1.0,15,346,425
DavidJ3,0.36999999999999994,0,108,79
Cylvyn,0.5300000000000002,0,184,170
combi2015,0.3399999999999999,0,123,15
asylturatbekdooranov,0.4000000000000001,4,123,222
AduraHephzibah,0.10999999999999996,0,19,106
Alex_ML,0.44000000000000006,0,142,216
davispete,0.24000000000000016,0,70,159
takh,0.9899999999999995,0,345,433
AdamSoup,0.10999999999999999,0,12,20
jankoristic,0.46999999999999936,0,60,55
Icicleta,0.13999999999999999,0,31,77
edwardgoh1984,0.16000000000000011,0,33,122
Ssrathi,0.9000000000000008,0,306,477
tsoccermadness,0.2800000000000003,0,147,294
Rhume,0.12999999999999992,0,51,0
Chinmayee_C,0.27999999999999986,0,80,184
iudeviar,0.12999999999999995,0,69,179
JoshBoley,0.9800000000000004,2,313,287
muangprasert,0.16000000000000011,0,119,211
GeorgeChambless,1.0,0,348,440
Ken_Reid,0.3200000000000001,7,96,126
milaeris,0.12999999999999995,0,23,36
Hayder_Mahdi,0.14000000000000007,0,28,3
NimaKhaliliSamani,0.18000000000000002,0,42,116
Coreys,0.6800000000000002,0,233,248
kreissaege,0.8299999999999988,0,333,342
NiharikaRai,1.0,0,346,7
sirajulislam1,0.26999999999999974,11,78,11
vaseek,0.12,0,23,121
GeoSto,0.12000000000000006,0,22,119
Vollset,0.9000000000000008,0,165,27
ReimaV,0.16999999999999996,0,35,119
CKuppe,0.6899999999999991,0,110,105
eliasyoanes,0.12999999999999992,0,68,157
Evgeniya_Blekher,0.1199999999999998,0,6,6
jdrian,0.4799999999999992,0,159,247
DiPaterson,0.5799999999999987,1,170,172
SteveMunday,0.2699999999999999,0,78,15
Adabasia,0.14999999999999997,1,30,141
JonBarstad,0.8100000000000012,0,105,158
snucks,0.13000000000000025,0,18,41
dccaruso,1.0,3,140,134
lemonbin98,0.1799999999999999,0,43,131
Maraz,0.6800000000000002,0,239,295
nemanja92,0.7000000000000013,0,182,107
Bob_Cryan,0.6299999999999998,1,231,299
Student-1984,0.32000000000000023,0,91,159
Keysyr,0.38999999999999996,0,125,226
ChnAltn,0.3900000000000004,0,147,218
rcallino,0.9800000000000004,5,200,204
j4zz3r,0.6200000000000001,5,223,300
finnworks,0.2699999999999997,0,75,167
mohinchey,0.23000000000000026,0,69,15
MacarenaN,0.30000000000000027,2,83,168
tzp5012,0.38999999999999996,0,122,224
WilbertvanderSande,0.6799999999999998,1,243,305
JolaGrodzka,0.12999999999999992,0,99,180
george0419782026,0.48000000000000037,8,197,271
cbarupp,0.8700000000000001,0,316,390
reaker,0.25,0,96,237
Rossi1,0.4600000000000007,4,184,336
pbruss123,0.38999999999999996,4,121,243
LinzBK,0.4399999999999998,0,140,221
Steve_from_Oz,0.18999999999999997,5,55,143
brightwind,0.39,0,116,200
JamesCarden,0.18000000000000002,0,51,150
trile_90,0.520000000000001,0,191,270
jlawes34,0.7399999999999999,0,164,80
AvinashKumar887,0.17000000000000004,1,6,66
sureshtathari,0.8199999999999987,0,90,133
fysalqayyum,0.18000000000000002,0,73,176
ErikGustad,0.8499999999999993,0,180,233
arnayshukla,0.33,0,92,141
BraxtinaTynes,0.36999999999999994,0,90,75
rspence3487,0.11000000000000003,0,23,92
Vitalii_Irkha,0.17999999999999983,0,44,62
4hamlet,0.24000000000000013,1,93,136
tfsanam,0.8299999999999987,4,305,339
tank6138,0.4600000000000007,0,268,397
Tam_Ra,0.12999999999999995,2,24,1
Mike_C000,0.9899999999999985,0,226,335
yukestar,0.30999999999999944,0,79,165
LucasPerryHill,0.16999999999999996,0,36,122
sSacristanF,0.5399999999999996,0,199,285
MaxKlopsch,1.0,0,346,412
richjoyner,0.7199999999999993,2,178,163
MaureenTiffany-Whaley,0.11999999999999983,3,35,57
thirdwave72,0.5399999999999993,0,137,98
AnasElkinawy0,0.24000000000000016,2,72,100
Cdeangel,0.12000000000000009,0,20,107
Blake_C,0.3099999999999996,0,133,212
P3p3,0.3400000000000001,0,76,86
bainbridgetm,0.16999999999999996,0,37,117
JackNunya,0.42,0,162,188
CalebJesus1981,0.11000000000000001,0,12,60
AshwinBK,0.9800000000000002,0,337,289
Aaron_Minz,0.12999999999999995,0,30,119
SotirisG,0.6099999999999997,0,217,299
stoeandr,0.2600000000000004,0,81,168
tanzim121,0.16999999999999996,0,43,78
Dtallenmomo,0.4200000000000009,0,135,234
trader11,0.30999999999999944,0,164,437
wpbates223,0.23000000000000023,0,76,152
bryu3,0.5100000000000003,0,171,122
NamanSudan,0.12999999999999992,0,23,130
Platos_student,0.26999999999999974,0,203,272
alanvardon10,0.3299999999999992,0,105,261
cjp37343,0.30999999999999983,0,93,198
carololcott1,0.24000000000000016,0,69,155
Phil_Brean,0.9899999999999985,19,101,89
trevorsie,0.40999999999999936,0,209,304
Kestrylhawk,0.4000000000000001,0,130,193
arfakarani,0.2100000000000005,0,51,71
Earasi,0.9200000000000014,0,244,263
fadders,0.16999999999999996,0,35,127
kslovak,0.4600000000000007,0,137,14
thestevenbell,0.11000000000000001,0,20,3
stranky,0.10999999999999995,0,0,2
TinaQS,0.6499999999999991,0,212,206
ice2642,0.32999999999999974,0,92,126
JoeDoe712,0.6899999999999991,1,129,131
liannerigter,0.46999999999999936,0,18,9
SandyJswl,0.9599999999999994,3,322,193
jvpatel23798,0.17000000000000004,0,32,161
IBouyukliiski,0.2899999999999994,3,90,196
RV1001,0.8599999999999995,3,316,491
Ruud_B,0.75,0,276,181
Lompojm,0.11,0,17,87
IvanGetiashvili,0.29,1,82,163
Andreas_Dietrich,0.33,0,105,201
SerhiyLV,1.0,2,347,259
Nik_R,0.10999999999999999,0,18,48
nikgala,0.11,0,16,97
pablinme,0.3200000000000001,0,89,95
Kirky9449,0.15000000000000002,0,34,58
Frdrckzn,0.6099999999999995,0,227,7
Andopando,0.6099999999999995,0,227,9
Jim788e,0.3100000000000001,4,79,188
laurendc,0.18,0,46,1
JNFN,0.48000000000000037,0,161,258
Emonav,0.14000000000000018,0,27,43
asthargf,0.16999999999999996,0,41,126
JideHassan,0.22000000000000014,2,67,170
Perla_Zepeda,0.600000000000001,0,218,120
continuouslearner2,0.1100000000000001,0,12,89
GemaDiaz,0.6400000000000005,0,244,51
Smitaforward,0.5399999999999994,0,188,287
Iseek,0.18000000000000005,1,53,160
GaryMacMinn,0.12999999999999992,0,23,8
Karim-OrAl,0.1199999999999998,0,21,112
PauDM,0.5099999999999999,0,215,56
Andres_Villa,0.6099999999999995,0,227,52
DennisGuilbault,0.6199999999999989,0,161,193
junaltinga,0.13999999999999999,0,65,265
SolidworksCswp,0.25,0,57,56
crvinay1992,0.9800000000000004,0,138,144
vaino,0.33,0,98,5
Stroker,1.0,3,344,410
SuryaPagiAsa,0.4699999999999998,0,156,256
lightofworld993,0.26999999999999963,0,97,144
Enaiza,0.7299999999999993,9,130,40
calderonj,0.46999999999999953,0,155,29
DevonHoward,0.7900000000000006,0,273,261
Jorholt,0.5799999999999992,0,206,276
mloudermilk0517,0.21000000000000046,0,60,1
bubbakev118,0.16999999999999996,1,45,0
Oriol17,0.32000000000000023,0,78,133
JohnDroog,0.8100000000000012,5,244,250
Gabriel_Hermol,0.19999999999999987,0,54,157
M_Ellison94,0.3100000000000001,0,87,73
pambeach30,0.7399999999999999,1,148,123
araju,0.18999999999999986,0,54,130
Rrahmanlamar,0.3200000000000001,8,92,190
Gevorg2014,0.6599999999999983,0,171,386
EricVianna,0.2199999999999999,0,61,106
MazArt,0.6899999999999991,0,126,118
oagyemanbadu,0.25,0,119,183
Oswaldo_caballero08,0.17999999999999983,0,50,21
MaikeDenHouting,0.46000000000000063,16,149,141
pedrordcl3000,0.49,0,158,7
gabdss,0.12000000000000001,0,22,89
maroc7,0.3299999999999993,0,104,249
Suichuu,0.11000000000000004,0,13,87
MOUSTAOUI-YAHYA,0.29,0,79,167
Kuba_Cz,0.12999999999999995,0,23,72
BitterTeawithSugar,0.12,0,20,108
joy_walters1,0.11,0,15,5
Bdailey,0.8599999999999997,5,316,433
RebaM,0.8199999999999987,0,96,119
Rbeyah,0.8900000000000005,1,272,284
springswim,0.11000000000000007,0,55,95
MerjemBegovic,0.2399999999999996,0,71,98
sathyaprajwal,0.37000000000000005,0,114,237
JudytaS,0.5799999999999988,0,206,288
WojtiS,1.0,0,342,392
dhabet,0.6199999999999989,0,152,157
KostasT,0.10999999999999995,0,0,299
dronnor,0.15000000000000005,0,36,101
Santitru,0.12999999999999992,0,23,126
MartinStark,0.8499999999999999,0,320,384
SandeepBehera,0.7900000000000006,0,143,165
massabd,0.12000000000000002,0,19,12
AdarshSekar,0.9899999999999987,6,343,445
dshea7,0.16999999999999996,0,36,131
damilola_adesola1,0.11999999999999991,1,19,105
Ckhymy,0.23000000000000023,0,74,147
jindaldk,0.17999999999999983,0,67,126
hbmehta109,0.25,0,111,190
FabiopCaetano,0.14000000000000018,0,60,135
skennedy0426,0.11999999999999994,1,26,0
dstadt,0.12000000000000005,0,22,1
sushanlamgade,0.13000000000000025,0,22,63
Crazydef,0.12000000000000004,0,20,102
cristianhenry,0.9699999999999992,0,290,284
NoPk,1.0,0,344,386
gauravgupta503,0.4000000000000001,9,129,216
nmalatin,0.5700000000000002,0,116,84
miku21,0.36999999999999994,0,138,154
MBadzura,0.46000000000000035,0,148,173
mjanusauskas,0.22000000000000014,0,92,196
S_Nash,0.3400000000000001,1,93,209
philgain,0.9899999999999985,0,279,208
Jeff_Ha,0.3000000000000005,0,38,103
eugras,0.4899999999999998,0,197,253
elawson,0.1500000000000002,0,153,337
CUBANITOZ81,0.2400000000000001,1,69,173
kjmd,0.29999999999999993,0,80,1
akghoshedx,0.18000000000000002,0,73,388
Dr_Praxis,0.26999999999999974,5,119,228
litchfield,1.0,9,347,284
Chadley,0.4500000000000004,0,136,150
FrancoSevilla,0.25,0,70,171
ElCapitanDave,0.12,0,22,53
SajidZamanccfa,0.5599999999999997,0,213,90
llrucker,0.12000000000000008,0,20,113
tonyvanhain,0.11,0,18,69
Axel37,0.13000000000000014,0,87,276
AlexeyMarkov,0.4800000000000003,0,168,116
Kostawan,0.24000000000000019,0,85,5
vladyslavVV,0.15000000000000013,0,61,167
olga_ny,0.28000000000000036,0,261,0
Amy2218,0.11000000000000001,0,19,23
Jacunap,0.7900000000000005,3,304,411
albionhystuna,0.1900000000000001,0,104,254
AKiry,0.44000000000000045,6,139,231
MathieuCarriere,0.14000000000000018,0,31,123
urmee04sust,0.5300000000000007,0,136,91
chumbzy,0.23000000000000034,0,22,64
ElmerCa,0.3,0,79,159
AntSte,0.6400000000000005,0,235,292
JulianFrancoPombo,0.939999999999999,1,335,409
JoMiPiPA,0.8100000000000012,3,229,205
Marcin_Miroslawski,1.0,5,346,411
Marrehco,0.40999999999999936,0,81,90
ttusharkumar,0.12000000000000002,0,22,125
elenaonica,0.4100000000000001,2,132,271
SWilson5,0.12000000000000008,0,20,68
gonzalomartinezgonzalez,0.9399999999999991,3,334,355
Sarma,1.0,19,344,56
kokorec,0.23999999999999966,0,69,162
Marko_Stojkovic,0.3200000000000002,0,94,205
Stylo19,0.8599999999999995,0,193,174
John_Sawchuk,0.7700000000000014,4,292,359
cwoodruff91,0.3399999999999999,6,103,196
bk8164,0.3200000000000001,0,88,185
Sammy625,0.16999999999999996,0,34,141
mohamedeng,0.8799999999999996,5,227,209
FikiriUledi,0.6099999999999995,1,227,300
NimmySJohn,0.13,0,23,1
mortij,0.12000000000000006,0,23,126
NicholasThomas2284,0.2699999999999997,0,109,136
rmroyst,0.3200000000000001,0,87,179
chizu_tiki,0.12000000000000006,0,19,94
theliban_aravindan,0.5799999999999987,0,21,23
RDanielGarcia,0.12999999999999992,0,23,123
Kyra_Zhang_,0.1199999999999998,0,29,66
OscarLuisCasadoPortillo,0.12000000000000006,0,23,130
rabbit8848,0.12999999999999992,0,23,35
DesertRat86,0.3400000000000001,0,103,198
ThLo,0.36999999999999994,0,79,101
henrikjensendk,0.26999999999999985,1,90,204
wohlstandmarketing,0.8599999999999995,73,211,214
jackhg,0.4699999999999997,93,194,289
Kelleycounts,0.35000000000000037,7,119,309
zhangyuqing,0.16999999999999996,0,36,136
ioannamitrakou,0.11,0,12,93
poshus28,0.3399999999999999,0,101,17
sswertyu,0.16000000000000006,0,35,63
dhruvraj01,0.1199999999999998,0,11,39
ArtemMelnichuk,0.38,5,120,234
FranciscoGalban,0.4100000000000001,0,135,240
Medhani123,0.17000000000000004,0,75,158
DarkGemini,0.9599999999999987,9,336,450
Z__G,0.1600000000000001,0,34,118
DanielTenjo,0.12000000000000009,0,20,110
Brent986,1.0,4,338,359
valeriobortolotto86,0.8800000000000001,1,320,343
cljwhite,0.11000000000000003,0,23,94
Humberto_Diaz,0.3000000000000005,0,83,190
jorgcepedamart,0.14999999999999997,0,33,78
renatocuellar,0.25,0,69,161
z642b30,0.4500000000000004,0,103,112
Maja_R,0.3399999999999999,0,150,128
PaulWolma,0.10999999999999997,0,23,117
sahsjg2004,0.12000000000000006,1,22,116
JLRP,0.12000000000000009,0,23,120
TheOnlySalmons,0.23999999999999982,0,68,35
dpetti0623,0.16000000000000006,1,48,1
soconnor0404,0.12000000000000008,1,24,0
pietro-campolongo,0.21,0,62,156
archeopteryx,0.29999999999999993,0,82,170
qkennedy0426,0.11000000000000003,1,12,0
bhiggins0512,0.12000000000000008,0,20,0
Westlandsfotootje,0.40999999999999936,0,33,6
gwright35,0.5300000000000002,1,188,280
mrcsmarinho,0.10999999999999996,0,19,92
rrannin,0.3299999999999997,2,99,180
AislingA394,0.32999999999999974,1,104,208
MrSonofKing,0.12000000000000009,0,23,96
Kazimirov_Vitaliy,0.10999999999999995,0,27,77
Paul02842,0.5600000000000007,0,165,174
ASmith10,0.1500000000000002,0,33,115
dspink,0.39000000000000007,1,121,218
kovacevicmartin,0.16999999999999996,0,49,22
raven_roberts,0.6099999999999995,8,271,285
SimonBroomhead,0.4600000000000007,0,155,176
martin-nj,0.40999999999999936,0,209,416
TomikoS,0.28000000000000014,0,94,132
abulm3,0.3000000000000005,0,103,150
JeanLouisD,0.13,0,51,19
skim843,0.46999999999999953,0,158,8
riddell30,0.18999999999999986,0,49,117
jmgrille,0.3299999999999991,0,99,198
slightlyagitatd,0.14999999999999997,0,36,123
SewaneeMom,0.98,6,330,362
escheff,0.33,0,98,204
tqmh2020,0.16000000000000011,0,31,12
Cbretas,0.12000000000000008,0,23,125
BigDelicious12,0.4499999999999995,0,138,242
JustinC2015,0.14999999999999994,0,30,85
rhywun,0.17000000000000004,0,63,149
hiroyeung,0.5900000000000015,0,141,147
mdraer51813,0.12,1,20,107
SPalaia,0.32000000000000023,0,82,129
MeenaGuptaDPSD,0.3399999999999999,0,103,152
victorjohn088,0.25,4,27,37
amanbansal001,0.9899999999999985,0,337,409
AchillAse,0.3900000000000004,0,62,77
NilA11,0.3200000000000002,0,86,205
szawuszka,0.30000000000000016,0,83,166
PriPagnoncelli,0.2200000000000002,0,109,220
Hadeel94,0.2199999999999999,0,75,82
SophieHuang99,0.1199999999999998,0,1,4
DasChandra,0.39999999999999925,0,130,139
carlos__reis,0.46999999999999936,0,155,66
suyashi30,0.3200000000000002,0,120,2
siGeFranc,0.35000000000000064,5,98,130
LaDornaMcGee,0.23,1,86,113
m_bilbao,0.2399999999999996,0,59,22
AugustoRMoreno,0.32999999999999946,0,138,44
cormaccrisp,0.12000000000000005,0,22,120
jtamez40,0.11000000000000001,0,19,100
simanenkokatia,0.11999999999999988,0,77,218
EddyCKan,0.39999999999999936,0,126,177
Benjamin_Woelfl,0.5700000000000002,1,204,284
dante92,0.3400000000000001,0,107,118
MauricioGago,0.7399999999999998,0,264,227
ClaudioLaricchiuta,0.12000000000000004,0,80,203
SKR1981,0.11000000000000004,0,20,115
manas_murarka,0.1799999999999999,0,46,134
escapeplan4,0.4499999999999995,12,151,258
kathryn_iva,0.14999999999999997,0,27,117
Monica111,0.8100000000000012,0,274,575
IsaacMartinezValero,0.3299999999999991,0,100,127
JasonSchnackenberg,0.11000000000000001,0,12,92
alianton,0.3000000000000005,0,65,63
bety94mc,0.11999999999999995,0,20,36
marcossilvadecastro,0.17999999999999997,0,50,147
Daniel_Arismendi,0.13000000000000025,0,34,105
JackKeogh,0.22000000000000028,0,70,154
BrunoFranciscone,0.16000000000000011,0,39,92
shubhayang,0.46999999999999936,0,158,263
kapakis,0.9300000000000019,4,122,127
NelsonMacieira,0.11,0,15,4
johnburmantofts,0.5099999999999997,0,121,117
andrewoah,0.1199999999999998,0,59,207
Diwls,0.16000000000000003,0,53,176
Teabott,0.13000000000000003,0,100,202
carlyr,0.23000000000000032,0,64,156
aperezymadrid,0.35999999999999965,1,58,124
AbrarbA,0.3400000000000001,0,68,117
SebasCR,0.28000000000000014,9,88,245
Plugger62,0.16999999999999996,5,54,148
krzysztofkrenc,0.6300000000000011,0,193,297
bobskon,0.6799999999999998,0,246,313
AdamJFitz,0.5300000000000007,1,183,272
giora_klein,0.8700000000000004,0,268,225
cesarin01,0.16999999999999996,0,47,145
JimenezAntonio,0.7800000000000008,4,277,156
JWFarmer,0.3399999999999999,0,106,220
RikTheunis,0.12,0,22,113
Roy_Purp,0.75,0,275,9
alecambo,0.38000000000000017,0,132,247
ScottBabcock,0.44000000000000017,7,141,230
josippavlovic1010,0.18999999999999997,0,61,154
mascphd02,0.600000000000001,0,233,300
vscarmena,0.5,0,171,37
djhalbert,0.3099999999999996,0,93,183
smichaelson,0.6700000000000012,4,242,274
C-R-B-II,0.12000000000000005,0,23,124
MihaelaAt,0.3299999999999991,0,7,22
SXuvonSH,0.5,0,239,318
InnocentPepple,0.17999999999999988,0,51,154
moorepdm,0.19000000000000006,0,54,150
yanisj123,0.16000000000000006,0,34,125
rojany44,0.14000000000000018,0,12,7
wbusy2,0.12000000000000008,0,23,135
thmslmtr,0.3900000000000004,0,101,132
Jack_Ramsdell,0.3900000000000002,0,120,212
Brywo0t,0.12,0,20,113
scgrant176,0.15000000000000002,0,37,118
shannonoreilly,0.12999999999999992,0,50,149
Kishinohi,0.11000000000000014,0,14,49
Euchoba,0.9300000000000019,6,122,143
nickyranjan,0.3399999999999999,0,107,105
David_Cao,0.35999999999999976,2,145,250
Maich,0.12000000000000005,0,20,109
D13g0s0uz4,0.3299999999999994,0,97,206
istkorea,0.4400000000000001,0,137,344
Obrown,0.21000000000000046,0,59,7
MarkPflueger,0.1999999999999998,0,54,216
jwbergy,0.619999999999999,0,226,288
ACapo,0.12000000000000002,0,21,93
eburman,0.8799999999999996,0,251,303
rdenham,0.16999999999999996,6,46,155
tonytang99,0.3399999999999999,0,110,133
Lindseymanno,0.12000000000000002,0,22,110
successlalit,0.7399999999999999,0,226,264
TamasStossek,0.12000000000000002,0,37,97
mariefrancoisesolace,0.28000000000000036,0,73,430
Alan_ZA,0.12000000000000004,0,24,83
giginoris,0.549999999999999,0,181,75
AlgorithmKel,0.3100000000000001,0,133,254
NaveenKumarVemula,0.5900000000000011,3,211,279
Arif645,0.2100000000000005,0,60,148
Angzzz,0.7199999999999993,10,277,258
ranadeepb9,0.600000000000001,0,22,3
mrdv,0.12,0,20,0
butuzov,0.7999999999999989,22,284,96
Enakshilklk,0.12000000000000004,0,23,109
surya_pendimi,0.14,0,27,79
PKJ,0.19999999999999982,0,55,162
CeyhunCabbar,0.14000000000000004,0,30,107
lance4lin,0.8299999999999987,0,322,142
Kwint1989,0.8700000000000004,0,300,270
ankit597553,0.1100000000000001,0,19,106
MaksikM,0.2699999999999999,0,78,181
Mike_yadav,0.11000000000000011,0,37,119
Tjip,0.17999999999999997,0,40,81
boqu,0.4299999999999998,0,164,223
Rameshg1960,0.21,0,76,67
prasnuts,0.3,0,83,162
PhilippBastians,0.19999999999999998,0,75,151
ece,0.24000000000000013,0,65,79
Cirri,0.4799999999999992,0,195,214
MichaelWooster,0.4600000000000007,0,153,246
leontiggelman,0.6599999999999983,1,125,123
GrantLee77,0.2200000000000001,0,66,104
Leohenry,0.11000000000000003,0,41,78
paulhoef,0.4399999999999998,0,10,12
grognon99,0.28999999999999937,0,56,65
apatch,1.0,0,346,166
AkshitSinghal97,0.38999999999999996,0,123,215
FinucciLanfranco,0.30999999999999944,0,88,140
jgiachetti0527,0.1999999999999997,0,58,1
DorotaPawlowska,0.9599999999999991,18,332,431
klubrm,0.7999999999999985,2,236,264
viki_greek,0.12999999999999992,0,22,61
patrick4396,0.12999999999999992,0,18,223
DaniLIOR,0.12000000000000009,0,22,114
KMILO_NISPE,0.26999999999999963,0,98,440
kelmster,0.13,0,23,71
JuanNicolas0296,0.600000000000001,0,151,175
Chrismck2017,0.7900000000000006,1,272,20
ShaikhMuhammad,0.1600000000000001,3,40,134
mjforni,0.9099999999999979,1,305,284
Fubu,0.13,0,49,5
chiffin,0.6499999999999991,0,160,242
gkuepper,0.26000000000000023,0,73,65
maggiew17,0.17999999999999983,1,53,131
GauravSingh87,0.3000000000000004,0,80,162
Walter1930,0.8499999999999993,23,343,243
benkorichard86,0.19000000000000006,0,59,121
CarmeloAntonuccio,0.11,0,19,103
bigeddie,0.37000000000000005,3,119,217
bmehta,0.18000000000000002,1,53,154
Roman_Skripnik,0.21,0,81,168
andrels,0.13999999999999993,0,30,141
Rajat_Rajput,0.11,0,78,90
mmartin7166,0.40999999999999936,0,79,105
windynguyen,0.17000000000000004,0,43,79
Rivera5,0.11000000000000003,0,18,132
Christelle2288,0.17,0,41,1
amitalokrm,0.520000000000001,6,96,139
qbrent,0.16999999999999998,0,38,130
cronalmeida,0.1199999999999998,0,12,52
RuudHermans,0.3,1,82,143
FrankAntwerpen,0.9699999999999993,2,334,91
Shikhar12qw,0.25,0,100,110
kiennguyen0117,0.28,0,75,80
EOReilly,0.4600000000000005,0,205,326
Tomeriko,0.3399999999999999,0,114,225
ibesler,0.11,0,36,118
michael0udee,0.19999999999999982,0,55,137
thesidkhanna,0.32000000000000023,0,73,99
gach3c,0.5799999999999997,6,207,279
devjain9,0.5799999999999987,5,167,188
grinjac,0.6000000000000009,0,234,343
EvEvEv,0.2699999999999998,0,80,9
ritusharma0212,0.5799999999999994,1,237,288
25okan,0.1600000000000001,0,36,121
flylady,0.12000000000000006,0,23,78
NMartin8,0.4400000000000001,0,140,167
selinaallen,0.16999999999999996,4,33,145
frjohnson86,0.12000000000000008,0,27,92
nes3,0.16000000000000003,0,37,116
tanerbulgak,0.12000000000000009,0,24,119
ChristopherYJChung,0.12,0,21,117
a_han,0.9599999999999996,0,325,45
minghan,0.21,0,72,209
pavol-kocalka,0.11000000000000013,0,13,96
rvarkey,0.2399999999999996,0,36,41
Shelley93,0.20000000000000004,0,57,132
satwikdas,0.30999999999999944,1,57,89
jkyeo03,0.5600000000000007,0,142,12
Studentliv,0.40999999999999936,0,9,12
Ranmap,0.12000000000000008,0,22,89
ieyasu2014,0.2,0,59,148
saxlas,0.16000000000000011,0,135,224
ibrahim1213,0.26999999999999963,0,108,158
Olga_BH,0.2800000000000003,0,77,179
Zoran_G,0.7599999999999999,17,272,357
circuito16,0.8100000000000012,0,88,98
Buka93,0.32999999999999935,0,100,182
Teanka1,0.12,0,20,113
Yelamarthi,0.11999999999999994,0,22,110
Ydarn1k,0.46000000000000046,1,147,216
HWWIlI,0.32000000000000023,0,144,233
alhassanahmedosama,0.11000000000000003,0,21,95
StaceyHummer,0.28,1,74,156
muir2012,0.11,1,19,99
mrthomas7415,0.4500000000000003,0,182,90
Dr-Nick,0.11000000000000004,0,19,78
Jez70,0.11000000000000003,0,17,96
illGill,0.23000000000000034,1,96,287
Gadriall,0.16999999999999996,0,37,122
KStearns725,0.6099999999999995,12,214,128
whittlep,0.3900000000000004,0,122,173
jsing232,0.39999999999999925,0,66,88
sharan15,0.2199999999999999,0,195,442
Infuriate,0.10999999999999997,0,12,94
awbb,0.22000000000000025,0,61,163
ZeeshanMohnavi,0.600000000000001,2,212,255
sourmango,0.11000000000000001,0,19,44
ResiduumC,0.11000000000000003,0,17,87
EdwinBryson,0.1799999999999999,0,48,81
miket32,0.12999999999999995,0,28,129
SandraKP,0.42000000000000076,0,188,293
KaneYu,0.41,11,140,116
CanadianJen,0.520000000000001,0,107,23
RojoRand,0.16999999999999996,0,62,148
MikeDiallo,0.10999999999999995,0,0,27
skatamur,0.5799999999999998,0,204,278
AndreNoerenberg,0.35000000000000064,0,101,116
EOV2j19,0.14,0,54,150
yusiflifuad,0.9899999999999985,4,340,428
doganaykurt,0.11000000000000001,0,17,81
vishnunale,0.36999999999999994,0,42,110
gmreddy213,0.3099999999999999,0,89,161
TedS1,1.0,23,347,397
adarshsaraff,0.29,0,76,173
Tushny,0.25,0,68,70
wh100,0.15000000000000024,0,47,77
DJGoodrich,0.2000000000000001,0,69,125
Cesar_Saldarriaga,0.7000000000000013,0,190,205
Oscar1950,0.33,0,135,234
CuhleebWinston,0.16000000000000006,0,55,154
Gabor5,0.16999999999999996,0,45,64
klinarts,0.16999999999999996,0,52,136
Wojciech_Kuzma,0.2899999999999999,0,81,2
jaschen27,0.5600000000000004,0,218,330
JulieP,0.6599999999999987,3,241,191
MikeMalak,0.6700000000000013,0,85,6
AndyOwers,0.39000000000000035,0,126,631
CuzmarGolzioJaimeAndres,0.16999999999999996,0,47,131
brad_albert,0.12999999999999995,0,23,80
Augh-Samer,0.11000000000000003,0,20,110
Mike_Reyes_Martinez,0.12000000000000002,0,23,117
HenryHu,0.10999999999999999,0,17,122
SHWETAVARSHNEY,0.12000000000000009,0,50,176
SengAung24,0.19999999999999962,0,62,152
pratik_desai,0.1799999999999999,0,46,120
Sohibbek,0.3399999999999999,0,142,250
pmroberts,0.24,0,66,165
eldelapelota,0.10999999999999999,0,20,108
lwj7109,0.32000000000000023,0,77,116
redwards0804,0.1899999999999999,0,60,0
El-ahrairah,0.9899999999999985,0,311,300
RandomStudent1030,0.12999999999999992,2,55,158
rafael_jonathan_monterroso,0.17999999999999983,1,48,153
AbreuGabriel,0.12999999999999995,0,23,120
Victor_Caro_Z,0.21000000000000008,0,59,24
l7n9,1.0,0,303,299
amrameshel,0.9200000000000014,26,312,439
peiwb,0.19000000000000003,0,53,79
VITOR_O,0.9599999999999984,0,334,388
Peekaboolu,0.2300000000000001,0,65,151
hftg,0.17999999999999997,0,69,172
mashunyejustice,0.1199999999999998,0,19,84
Ivan_Vorobevskii,0.9699999999999992,0,350,400
thorstenlang,0.28000000000000014,0,77,59
Strotskaia,0.11000000000000008,0,17,106
fortizb,0.8100000000000012,0,135,10
sbpatel2009,0.43999999999999995,0,145,241
LRLauridsen,0.16,0,34,109
shahnirav321,0.4,1,127,236
GrayeCode,0.5100000000000006,0,260,353
ForestWanderer,0.14999999999999997,0,31,91
Janavarrobarron,0.18000000000000002,0,52,153
jesterice,0.23000000000000034,0,69,112
rkirschke,0.4699999999999996,0,153,247
Fesert,0.3299999999999991,0,85,111
jschellner,0.4500000000000004,0,103,221
Greg53,0.16000000000000003,0,40,130
Esteban67,0.22000000000000006,0,67,147
chokho,0.8199999999999991,0,298,184
RafaelRussiDeFigueiredo,0.7400000000000002,26,276,408
KainingZhu,0.17999999999999997,0,75,112
Kostas09,0.4600000000000007,0,84,91
RishabR,0.6499999999999992,3,221,16
Atanas_T,0.3400000000000001,0,124,151
starhaotian,0.11000000000000003,0,30,133
EvdokiaV,0.29999999999999993,0,81,175
jeff_johnson215,0.12000000000000004,0,76,182
Lexixucy,0.7800000000000008,1,276,281
mdazat,0.22000000000000008,0,59,4
Uma_N,0.13,0,22,113
jtorressp,0.14000000000000007,0,31,133
YuliyaNedy,0.19999999999999998,0,57,126
ksmithgall,0.6099999999999995,0,207,8
Aida_E_Roig-Compton,0.33,8,92,29
DD_22,0.700000000000001,0,261,310
CDCarlson,0.1799999999999999,0,42,140
nmarks86,0.23000000000000032,0,64,160
XuCheng68a5,0.13999999999999996,0,25,119
saranyapattusamy,0.23000000000000004,0,47,58
temish3142,0.40999999999999936,0,58,78
Towhiddu,0.13,0,33,216
Sardarbek,0.3900000000000003,1,131,223
GGay,0.4100000000000001,0,141,238
rccantunes,0.4299999999999998,0,138,0
KV7,0.2800000000000001,0,80,165
FKomossa,0.3399999999999999,0,102,204
rsargavakian,0.12999999999999992,0,28,125
msmythe,0.14,0,25,115
imihirpatel,0.17000000000000004,0,5,5
syamini,0.520000000000001,0,97,86
ViShah1,0.23,0,65,145
SrishtiSehtia,0.21,0,55,162
nilsht,0.5099999999999999,1,172,226
konstantin_kamanin,0.18999999999999997,0,57,55
smowhite,0.6599999999999983,0,212,228
Moises66,0.2800000000000001,0,96,329
Sami1919,0.7900000000000006,0,233,230
spmcraith,0.9800000000000004,0,216,174
ClemSavard,0.29,0,77,169
ojw1990,0.20000000000000004,0,138,407
QuynhNhuVo,0.17,0,35,114
lloydyu24,0.7000000000000013,0,170,262
jraulc,0.4499999999999995,0,140,136
dimador,0.7000000000000006,4,255,337
Matthus,0.6000000000000008,0,214,295
MHJarvis,0.16000000000000006,0,58,146
NickM03,0.9799999999999994,10,335,8
MattAgostinelli,0.11000000000000004,0,17,90
dingebrigtsen,0.9599999999999999,2,335,423
jgill331,0.7399999999999999,0,128,116
Marcela_R,0.6200000000000002,12,226,293
tanerbaran,0.11999999999999986,0,44,127
DickNixon,0.5700000000000002,0,223,316
rbeppler,0.17999999999999983,0,46,12
Pradeesh_Kumar,0.25,0,81,201
stgykrky,0.7999999999999985,0,294,614
NickKoopmans,0.3399999999999999,0,103,199
OscarMarquezRivas,0.7299999999999993,0,239,299
amccarle22,0.3900000000000002,0,126,209
edxaccount123,0.6899999999999991,0,206,57
PV117,0.12000000000000008,0,82,293
Jaevin,0.9500000000000016,0,337,508
h4rshw,0.21,0,59,43
cgeorgiades,0.22,0,54,147
ZiyuanLim,0.3900000000000002,0,197,256
M_Arushi,0.32000000000000023,0,109,381
jes1201,0.10999999999999995,0,23,26
gzoit80,0.5799999999999987,0,193,188
Popandreeva,0.3400000000000001,0,103,2
BSimoen,0.11000000000000001,0,19,5
GrinL,0.12,0,73,45
JordyBlankestijn,0.39999999999999925,0,122,151
bopiso,0.39999999999999997,0,126,34
DouglasNai,0.17000000000000004,0,59,77
JoseMariaGomezMoreno,0.22000000000000003,0,61,52
eamaldonado,0.3400000000000001,0,112,158
StephLightner,0.44000000000000045,0,247,272
krishnareddy_m,1.0,3,348,336
trinhtuananhams,0.9399999999999992,1,330,390
SonyaSchermann,0.9899999999999999,1,341,415
ivini,0.12999999999999995,0,23,119
Aaron_21,0.11999999999999988,2,36,164
algraf,0.6899999999999991,0,304,289
emerald1901,0.75,0,176,77
XiweiZhao,0.16,0,47,112
20GT,0.11999999999999986,15,38,56
GilbertX,0.14999999999999997,0,29,12
emvelasquezr,0.9599999999999993,2,337,360
Kristofer_Kwan,0.25,0,75,114
Robert_Flores,0.5600000000000007,0,126,149
MelamDurgaPrasannaKumar,0.1799999999999999,0,52,84
anand6891,0.40999999999999936,1,192,426
Marci1,0.10999999999999996,0,19,103
Ruhdy,0.32000000000000023,0,82,126
nmneves70,0.7999999999999988,2,295,4
eruss,0.5399999999999994,0,198,294
SatvikreddyK,0.3000000000000005,0,80,99
WYOng,0.17000000000000004,0,41,86
NYCCassara,0.11000000000000003,0,10,77
HooiFangLim,0.23,0,65,146
REBELSTAR000,0.24000000000000016,0,66,141
NewtoPython,0.12999999999999998,0,87,129
jonboy1138,0.12,0,20,110
brayden_morton,0.11999999999999984,0,30,27
regharford,0.8500000000000009,7,304,406
QinhengZ,0.2399999999999996,0,60,90
konghooi_65,0.9899999999999995,21,341,455
KatherineAmabel,0.7400000000000004,4,280,311
firatbozlak,0.8599999999999995,0,316,308
becks0815,0.3500000000000004,6,104,47
hrithik12,0.28999999999999937,0,42,81
HenryBeemis,0.7299999999999999,1,266,163
taysseerk,0.4500000000000004,0,150,67
AwuHe,0.17999999999999997,0,102,272
PatrickChong,0.11000000000000011,0,17,125
LeeanneT,0.6899999999999991,0,192,190
OanaAng,0.7000000000000013,0,258,352
TejaswiniGirish,0.2800000000000002,0,114,173
Fernandobra,0.7100000000000006,0,273,219
pukkala,0.16000000000000003,0,74,5
Logen01,0.34999999999999987,0,108,214
LanceP,0.3900000000000004,0,120,227
pnada,0.3800000000000001,0,95,83
Rodrigo-pf,0.17,0,37,99
arjunpsuresh94,0.18999999999999997,0,55,128
cv97035,0.10999999999999996,0,12,90
ijkain,0.29,0,80,44
katemccalley,0.12000000000000008,0,39,32
WMKurtz,0.1500000000000001,0,50,142
Kshitij8097,0.25,0,75,191
alzaabify,0.15,0,53,17
rthapli,0.37000000000000005,0,119,95
roxannecrom,0.25,0,71,177
kododa,0.15000000000000024,0,38,52
nguyenhuynhphuc1994,0.6000000000000008,0,230,388
lukemorrison,0.19000000000000006,0,56,102
JerroldG,0.13000000000000025,0,20,104
Normbuster,0.13999999999999993,0,33,116
igrayne1900,0.25,0,2,15
mbklump,0.35999999999999965,0,131,187
dlh367,0.33,0,85,70
hersche,0.35999999999999976,1,113,194
Kazakh,0.42000000000000054,0,123,257
kilapenguin1,0.7999999999999985,0,187,145
Paiyn,0.30000000000000004,0,82,173
cain3697,0.37000000000000005,0,114,128
do_mi,0.16,0,35,123
promurderm1,0.14999999999999994,0,112,21
nolan_bennett,0.12000000000000001,0,22,92
nailiqi,0.7399999999999999,0,258,349
bowen2236,0.1799999999999999,1,45,138
Jay_Chen16,1.0,0,346,265
JonL26,0.11000000000000004,0,86,209
glmax,0.4499999999999997,0,182,283
brfooks,0.25,0,77,172
_-arxel-_,0.6299999999999999,0,227,303
eeswift,0.8699999999999997,0,308,370
billc20,0.54,0,200,284
EleSev,0.11999999999999982,0,25,59
LoAustin,0.4500000000000004,1,145,160
AlejandroFriasDiaz,0.8100000000000008,0,313,432
Mrva,0.3100000000000001,0,89,186
Sulz,0.3900000000000003,0,129,239
MaxPower1,0.32000000000000023,47,89,172
aamodvelangi,0.39000000000000007,0,119,136
EvanRoy,0.41000000000000003,3,134,241
msnair09,0.13,0,39,135
emilykira,0.7800000000000008,1,279,310
HenriqueNatori,0.41,0,134,220
GinaMoll,0.12000000000000006,0,20,119
arinkenbaugh,0.5,0,141,167
klochner,0.16999999999999996,0,41,128
jcd5ga,0.3599999999999998,0,112,218
MCB_dz,0.15000000000000013,0,41,6
Rdennick21,1.0,0,345,376
mtroiani,0.25,0,72,115
francescolost,0.989999999999999,0,342,411
ajayaggarwal79,0.6700000000000012,2,243,446
MSeymour93,0.11000000000000007,0,19,104
Manoske,0.12000000000000008,0,30,69
oscargaldames,0.6199999999999989,0,195,3
bpmanning,0.5799999999999987,0,189,109
MartoMitov,0.6200000000000002,0,224,304
wade21,0.11000000000000013,0,18,103
frankie-bukenya,0.3699999999999997,56,108,253
AshesOfDusk,0.8500000000000008,1,303,19
aurbini,0.6599999999999983,0,251,287
CW18,0.6099999999999995,0,220,336
Castorbean,0.8199999999999992,0,289,353
ALC_17,0.7000000000000013,1,177,156
Mauamagda,0.6599999999999983,0,181,174
erwave,0.4500000000000004,0,142,220
sat11one,0.35000000000000064,0,192,390
ktochow1,0.12000000000000009,0,60,204
ethanzsoccer,0.17999999999999983,0,125,215
walker4wind,0.9899999999999994,1,340,172
swfu1,0.13,0,23,24
aravleg28,0.16000000000000003,0,38,134
HildaBella,0.8499999999999995,0,333,362
joribre,0.6700000000000009,0,245,313
jrm252,0.30999999999999983,0,86,149
Peeta_bread,0.33,0,100,91
holdentab,0.14,0,62,34
ngkee22,0.8799999999999996,0,292,303
fupangli,0.6499999999999992,0,268,323
GMohan,0.14999999999999997,0,54,1
Pritha_Majumder,0.7700000000000006,4,284,529
TomB96,0.9599999999999993,0,321,89
LeslieJAlbert,0.6300000000000008,0,237,322
Cristiane_Gouget,0.29,0,80,174
AlanedChang,0.12000000000000001,0,23,119
PurusothamanGnanapandithan,0.6300000000000011,0,231,51
PVRNET,0.6300000000000011,0,238,11
Marcelpieter,0.14999999999999997,0,30,132
CarlosPerezRuizCamb,0.12,0,19,78
efem70,0.14000000000000007,0,27,60
pmastron3181,0.22000000000000003,0,69,153
JulitaDR,0.3000000000000005,2,64,75
repcak,0.5799999999999996,0,204,125
vpasour,0.7700000000000014,1,284,371
SimaoTb86,0.37999999999999995,6,116,214
Dougal_MacDougal,0.9900000000000004,0,346,135
KatieRenaud,0.44000000000000034,0,145,240
arun_cusat,0.4600000000000007,0,130,88
eorukpe,0.9200000000000013,0,325,406
sasja222222,0.6700000000000008,0,244,312
bardibensa,0.3900000000000004,0,127,230
tihanyistmaarten,0.16000000000000011,1,33,100
JoseTena94,0.19,0,53,145
Hirthf,0.3900000000000002,0,119,216
LuPunk,0.24000000000000007,0,70,95
vangf,0.24,0,66,145
kabman,0.600000000000001,12,166,199
hosang93,0.42000000000000054,0,258,431
djibon59,0.4000000000000002,0,131,40
IanC-2016,0.26999999999999963,0,74,142
ernils,0.12000000000000008,0,21,65
richardybars763f,0.16999999999999996,2,48,137
flosic,0.17999999999999983,0,39,111
ekim005,0.11999999999999986,0,36,63
ttamas13,0.6899999999999991,0,169,1
AlexDreher,0.14,0,42,174
JameelJalaludeen,0.42999999999999977,0,146,128
alexchen11,0.29,0,88,184
rickpuck,0.32000000000000023,0,168,257
deadmau224,0.11,0,18,100
_sandro_,0.9899999999999992,0,341,424
Erikfff,0.36999999999999994,0,116,164
h_garvie,0.51,2,159,286
Laura9,0.16000000000000003,0,35,94
Markole,0.12000000000000009,0,39,147
SanjeevKushwaha1994,0.11000000000000004,0,28,55
JCBergvall,0.6499999999999991,0,242,383
SanjaySrikakulam,0.13999999999999996,0,74,259
Valentin27,0.16999999999999996,0,47,54
Mike0Cheng,0.17000000000000004,0,35,100
mostafa001,0.3900000000000004,0,120,217
maxhsiehoranges,0.6400000000000005,0,234,350
tegus23,0.16999999999999996,0,36,137
Maui-Maui,0.5900000000000011,13,217,320
stephenbhope,0.28000000000000014,5,77,160
ScottBraman,0.13,0,22,113
VladimirBalyasnikov,0.4299999999999999,0,187,277
edstewart5,0.7699999999999997,0,277,3
sologniermichel,0.6799999999999998,4,246,365
Yishak_Abrham,0.4299999999999998,0,136,218
MarcoPuppin,0.62,0,250,385
mwallac,0.2800000000000002,0,85,184
EnricoOberti,0.18000000000000005,0,39,17
ViniciusPlaster,0.40999999999999936,1,109,157
Batbean,0.3,0,81,119
elacheche,0.39999999999999925,0,43,1
Caraculiambro,0.7900000000000006,4,289,407
nandjha111,0.35999999999999965,0,130,261
AdibAl-Amir,0.5700000000000002,0,207,278
221094,0.16,0,33,119
dancingdogs,0.25999999999999995,0,79,36
alasdaircarr,0.3399999999999999,0,102,169
ShrutiN15,0.9099999999999981,1,328,194
easciutto,0.3299999999999991,0,87,153
kevinBriones,0.22000000000000022,0,66,109
nofood4u,0.3399999999999999,0,103,212
Bhoscheit,0.15000000000000013,0,81,295
Chinadan,0.5099999999999999,21,178,267
eddiearief,0.24000000000000019,0,69,144
Hermione_Granger8038,0.18999999999999997,0,60,128
m0gjh,0.4900000000000001,0,162,243
davidcbusby,0.38999999999999996,0,119,89
VeronikaKhan,0.11000000000000011,0,44,81
sj162,0.6300000000000001,1,230,329
CharlesDA,0.16000000000000011,0,33,104
TRodriguez2487,0.24,0,70,80
Philbert215,0.23000000000000034,0,63,149
walida,0.3000000000000005,0,116,176
nlwinkle,0.25,0,73,0
Jaime_Glez,0.5200000000000005,0,223,449
jerrald465,1.0,2,346,367
ashishheda766,0.840000000000001,3,305,371
mgblst267,0.19000000000000006,0,47,78
MihretHagos,0.16000000000000006,0,39,20
MiaUekusa,0.13000000000000025,0,19,70
Bercilak_de_Hautdesert,0.11999999999999983,0,20,105
chrisraps,0.10999999999999996,0,23,114
savsyan,0.12999999999999992,0,29,140
gryziakm,0.4600000000000006,0,156,263
gusaldanajr,0.38000000000000017,1,134,67
RebeccaChing,0.3299999999999997,0,90,204
liyi201509,0.25,1,33,185
navoditjain111,0.33,0,120,210
adessain,0.1600000000000001,0,37,145
subhangi96,0.3299999999999994,0,280,409
kfagoora,0.6599999999999993,2,234,171
Ramcius,0.25,0,210,168
tortoiseturtleterrapin,0.17999999999999988,0,46,139
metroid2010,0.32000000000000023,0,94,94
OwenZhang1ed4,0.9099999999999981,0,316,414
Zerep08,0.11000000000000004,0,12,86
abudaan,0.5799999999999993,0,208,196
Ramona_Eikelenboom,0.7299999999999991,0,264,235
SrdjanH,0.6200000000000003,0,221,324
MarAin,0.7800000000000008,1,276,355
Bonita88,0.2899999999999997,0,79,167
vrm_nrj,0.2800000000000002,0,128,224
ckwilliams08,0.16999999999999996,0,33,111
Kevin_Nieva,0.11000000000000004,0,20,103
hroark1022,0.15000000000000008,0,70,49
Bartgroks,0.23000000000000007,0,65,145
rdona,0.14999999999999997,0,33,111
Mathushanth_Ravichandren,0.1400000000000001,0,27,110
Henon,0.16000000000000006,0,43,117
ramelo,0.18000000000000002,0,41,127
mig2902,0.25,0,83,169
ChrisVreeman,0.3400000000000001,1,106,213
MMelon,0.25,0,77,171
fyrfterjr,0.6800000000000002,0,230,243
J3DM,0.42999999999999977,0,139,198
kenmu,0.5900000000000015,1,205,216
hebergonza719,0.12000000000000004,0,20,102
kissgaborbalazs,0.18999999999999997,0,45,54
KamilZiyade,0.9799999999999995,12,336,413
NealSalan,0.3500000000000005,5,116,198
himanshu1332,0.6199999999999989,1,252,377
hinomaru,0.5099999999999997,2,224,270
PatriciaKisbye,1.0,0,347,317
hephistus,0.3200000000000001,0,147,260
crespoely,0.4799999999999992,0,173,292
kwrozic,0.59,0,210,297
tlcuzick,0.3900000000000004,0,129,178
eragonyu,0.8299999999999987,0,347,271
Ridkabeer,0.1600000000000001,0,44,139
Abdurahman1,0.18999999999999997,0,54,248
jerskin,0.16999999999999996,0,36,121
PUNEETHJOGU,0.12000000000000006,0,31,126
fruit123678,0.8400000000000014,0,328,388
DrFishopolis,0.8599999999999995,3,309,324
igor_jak,0.13,0,61,148
Prakash_Jagannathan,0.23000000000000034,0,98,176
Akronem,0.6499999999999995,0,245,283
hmkowalski,0.2399999999999997,0,67,170
kieranram,0.9599999999999989,0,341,153
Doug-Ramsey,0.8500000000000008,0,336,458
jdpattonv,0.4000000000000002,0,131,2
Mihail_Delineshev,0.4400000000000004,0,140,283
ERu73,0.16999999999999996,0,37,119
EduPetit-Valley,0.2,0,49,13
joltnjohn,0.11,0,16,86
Supreeth94,0.7000000000000013,1,264,247
IoanaDatcu,0.11,0,12,88
Kumar_887,0.11000000000000003,0,17,138
mahekm56,0.38999999999999996,0,119,213
Ab1710,0.29999999999999993,0,86,182
Shahriar99,0.549999999999999,0,255,325
jiterranova,0.6199999999999998,0,228,289
Alpine2304,0.13,0,26,115
jarbona,0.12000000000000009,0,43,139
Luigi32,0.8000000000000003,3,338,413
hkarnag,0.11,0,20,111
rasel_ctg125,0.4499999999999996,0,220,297
Jonaedbmk,0.98,4,339,433
mrkubrick,0.2,0,55,144
anarki,0.28000000000000014,0,128,231
Aeroraheem,0.16999999999999996,0,41,129
wNizba,0.42,0,166,274
tcma,0.3299999999999993,0,94,195
John_Guntoro,0.33,0,95,198
Struner,0.39000000000000007,0,122,181
anky_an,0.8299999999999992,0,310,321
Ahmed_Arafa2,0.9900000000000005,0,346,415
Rose0112,0.2100000000000003,0,78,178
uksowmya,0.14000000000000018,0,64,44
walterarg,0.12000000000000008,0,22,115
felix_russell,0.2399999999999999,0,67,66
xavi_007,0.4099999999999995,0,135,261
bgalecki,0.48999999999999966,0,165,246
TheTerrible,0.9799999999999994,12,339,450
elecaau,0.37,0,116,0
Deaniel,0.6799999999999998,0,249,366
ptn23,0.12000000000000008,0,23,102
lbohor2,0.12999999999999992,0,74,377
jenny_a_fisher,0.2,0,68,0
glecoq,0.29,0,73,0
HeatherYoung21,0.32,0,87,181
shady1996,0.12000000000000008,0,54,6
amuntaseer90,0.3900000000000004,0,145,253
MaksymMamedov,0.37000000000000005,0,134,243
Lambeau43,0.12,0,23,98
nikkig124,0.12000000000000001,0,20,115
vcassati,0.9899999999999995,5,341,403
LorenBaca,0.25,0,116,66
prab_bk,0.4400000000000002,0,166,183
BrandonLaw179,0.3099999999999999,0,118,267
Piet61,0.4700000000000002,0,157,270
munopd,0.29,0,81,155
R4NG3R,0.14000000000000007,0,23,5
LucyLouise,0.13,0,30,31
1danjohn,0.12000000000000004,0,27,105
chsyahia,0.4600000000000006,0,206,230
mbt,0.29999999999999993,0,82,171
cmclain,0.8400000000000019,0,308,382
toprasun,0.17999999999999983,0,64,171
emilyemorrison,0.1100000000000001,0,14,99
wuchinw,0.3799999999999999,1,119,215
NielsLundKragbak,0.6700000000000012,3,260,350
BeachHermit,1.0,3,346,452
Jdumas1983,0.3000000000000004,0,89,23
Steven_Souma,0.3099999999999999,0,91,173
GwenBurkey,0.4499999999999996,0,143,216
17bk,0.6400000000000003,0,233,303
rbenning,0.40999999999999975,0,134,359
jisaacL,0.16000000000000011,0,48,167
stephbarrios,0.5399999999999994,3,202,299
LukeWards,0.7299999999999991,1,312,408
Franja_alumni,0.11,1,19,99
MagicMark,0.27,0,239,340
medmon,0.15000000000000024,0,41,132
conoroldfield,0.1900000000000001,0,54,146
Raghavendra_Gali,0.12000000000000005,0,22,118
nithya_cs,0.10999999999999997,0,25,59
Varun_k,0.6700000000000009,0,247,360
FredFriedman,0.15,0,37,112
Bcroft86,0.11000000000000004,0,19,100
junts1620,0.17999999999999997,0,74,172
Luizreciolino,0.35000000000000037,0,166,358
heatheramccoy843,0.13000000000000012,0,25,92
bahiep197,0.29999999999999993,0,82,171
mbcavlovic,0.12999999999999992,0,23,117
West456,0.16999999999999996,0,38,67
ProgramadorCesarCalafrioli,0.12000000000000008,0,19,101
andalton,0.4600000000000007,0,144,241
yahyazini,0.12,0,20,40
AliIsaac,0.4899999999999994,0,180,230
tfisher1995,0.25,0,69,185
iaryan7,0.4600000000000007,2,155,284
evworo,0.2100000000000005,0,125,294
KaustubhMH,0.12999999999999992,0,23,107
Carl_T,0.9799999999999998,0,336,311
Victoria_rangel,0.25,0,70,105
LuisEduardoDominguez,0.35000000000000037,0,121,238
Jedsas,0.6199999999999991,4,237,316
Geoff_Leong,0.4200000000000006,0,140,186
arielverb1,0.30999999999999955,0,134,168
austinbeaufort,0.18000000000000002,0,50,149
freedcolin,0.600000000000001,0,219,152
wilsonwinhi,0.8500000000000003,0,319,371
Kyle2402,0.18999999999999984,0,106,134
cdandapat,0.11999999999999984,0,23,195
nehavedam,0.12,0,20,37
Scarlet_Li,0.12999999999999995,0,23,120
Kasia111,0.7999999999999989,0,328,445
Fojoho,0.11999999999999991,0,19,98
Seismic_Logic,0.12,0,20,68
roelofsloterdijk,0.38,0,126,152
kikitinanikolovska,0.17999999999999994,0,42,114
jaygarcia27,0.5600000000000003,1,199,285
AmberWan,0.1100000000000001,0,19,101
rusasarut,0.5700000000000002,1,206,307
Konstantin-,0.3399999999999999,0,136,103
jeffgindy,0.5200000000000007,0,173,259
xinyuezhou203,0.24000000000000016,0,94,182
Jap1103,0.26,0,66,94
eriAgui,0.13999999999999993,0,63,10
Dheerra,0.13,0,62,61
RemcoN,0.77,0,273,85
volha_douban,0.2300000000000003,4,91,220
davidplaks13,0.4099999999999996,0,186,161
Reyhanoglu,0.12999999999999992,0,36,138
JudithAChristie,0.3500000000000002,0,200,266
Pradeepr101,0.36,2,119,274
vin5119,0.12000000000000001,0,23,28
KNA3d1f,0.2400000000000001,0,75,52
dennis_wcc,0.4400000000000005,0,145,232
ngbiomed,0.6000000000000001,1,216,334
mbianchi92,0.17999999999999983,0,74,95
klransom,0.7100000000000005,4,271,319
bhakti_bavkar,1.0,0,345,89
Bondeson,0.11000000000000001,0,12,87
Pigio,0.16999999999999996,0,41,123
Almidani,0.7300000000000003,0,281,441
DebbieDiGrado,0.18,0,43,24
jemvand,0.13000000000000014,0,45,171
abruptlywandering,0.11,0,19,25
Porky89,0.24000000000000013,0,66,126
AdelleHousker,0.3399999999999999,0,105,95
Holmdel,0.9699999999999998,0,332,105
kushui_rose,0.76,0,273,238
Ytterby,0.1199999999999999,0,20,125
GirijaShankar,0.75,0,298,406
RoReplay,0.23000000000000026,0,65,146
Phimers,0.25,0,136,232
GilbertoLeonM,0.5799999999999992,0,207,309
soumsrani,0.32000000000000023,0,98,195
y0n91e,0.17999999999999997,2,44,131
Kulden,0.11,0,13,93
Julio_Miranda,0.7599999999999993,0,288,12
setaou,0.12999999999999992,0,23,145
SamZax,0.32,0,106,279
bnorton916,0.8699999999999998,1,314,197
Gibsins,0.54,1,189,246
ChristianTrader,0.7700000000000015,0,280,394
acook614,0.16999999999999996,0,47,142
Mitul_panchal,0.14,0,64,171
maxitoutwriter,0.17999999999999983,0,63,184
KanipakamAnanyaReddy,0.18999999999999995,0,70,157
GonzaloAguila,0.12,0,54,142
jessi94,0.35,0,108,144
SeanfromCali,0.29999999999999993,0,82,2
leoocm,0.6199999999999992,0,239,128
RuurdOldeBijvank,0.18999999999999997,0,64,182
BrianKrupa,0.12000000000000006,0,22,54
santicapelo,0.3900000000000004,0,120,223
JaviFarach,0.16999999999999998,0,37,127
Learner996,0.11000000000000008,0,35,136
liss1329,0.4099999999999998,0,135,231
sitrakarajaonah,0.23000000000000034,0,65,164
jabbarmohammed,0.1400000000000001,0,27,109
Agustin68,1.0,1,345,403
Kavi99,0.11000000000000008,0,12,95
jusero,0.4899999999999993,0,243,381
discovery_92,0.12,0,20,106
zoltanfodor,0.7400000000000005,28,309,408
Laimava,0.39,1,121,239
shubham3121,0.7599999999999999,0,304,268
kkerim,0.3200000000000002,0,93,163
GabyCoMor,0.84,0,314,309
Ladislav_M,0.4699999999999994,0,160,258
Nimbus405,0.11,0,12,90
youmukid,0.4499999999999995,0,195,140
RosalieStella,0.9299999999999998,10,327,504
DNilesh,0.21,0,63,146
KwongKinMing,0.11000000000000011,0,38,138
Sriram_Shreedharan,0.17999999999999983,0,44,137
TiareHdezAg,0.7100000000000004,0,283,401
aanishamishra,0.30000000000000043,0,79,147
IizlolziI,0.11000000000000001,0,14,87
arivanna,0.1199999999999999,0,51,105
ejoblin,0.22000000000000008,0,100,208
NathanCook9dd4,0.8199999999999998,0,296,10
DozyLee,0.5799999999999988,0,208,321
thapahari,0.4400000000000001,0,178,345
rwhui,0.3499999999999999,0,105,220
SteveSchlachter,0.2899999999999996,0,82,142
chiararasi,0.9799999999999991,2,334,429
JacquesJoubert,0.5,0,163,182
luisportelacoelho8f84,0.9000000000000002,0,305,4
rikise,0.12,0,23,62
mikecanada,0.16999999999999996,0,95,395
YuriyMartynyuk,0.5600000000000004,0,206,287
gong2012,0.17999999999999997,0,50,142
davidcr4,0.9200000000000013,0,326,419
luckyrme,0.11000000000000001,0,22,20
dhuang04,0.12000000000000002,0,22,76
Yeab13,0.12999999999999995,0,23,38
TKHung,0.3399999999999999,0,128,254
mittalgaurav,0.37999999999999995,0,225,295
boyuanl1,0.8400000000000005,0,336,419
Tjasha13,0.51,1,206,397
RobySurendran,0.11000000000000001,0,26,3
akomur,0.10999999999999996,0,91,111
SainathReddy018,0.12000000000000001,0,51,105
Nice_leq,0.33,0,91,180
EniolaM,0.17,0,39,131
Jacob1112,0.8800000000000006,0,322,375
ChRolish,0.11,0,12,85
deantagle,0.5099999999999999,0,313,324
TimBrady,0.39,0,135,217
TugceKucukoglu,0.22000000000000025,0,66,160
MattWalby,0.23000000000000026,0,64,146
wsantoscj,0.17999999999999983,0,82,49
PeNK0NN,0.44000000000000034,0,172,191
JacobLevine93,0.35999999999999965,0,209,334
brucelamb1238,0.3200000000000002,3,97,243
MardanKerimov,0.26999999999999974,0,74,270
MartinPetrov93,0.21,0,169,338
anthonyrtom,0.6199999999999999,0,248,357
Dam5,0.25,0,72,186
florenciaar53,0.11000000000000008,0,18,104
jvillamizarp,0.9899999999999998,0,343,418
xjameyx,0.16999999999999996,0,35,154
IvanWins,0.11000000000000004,0,16,99
ccmorg,0.2100000000000003,0,70,177
bhaskarpurohit22,0.17999999999999983,0,109,275
deorenengelbrecht,0.12999999999999992,0,23,123
lijumtzc,0.12000000000000008,0,22,113
Andreuoc,0.4600000000000007,0,156,266
JoshuaSuccess,0.6199999999999992,18,225,314
Mhmdrdwn88,0.25,0,69,170
axelpatton,0.2,0,65,44
mishkaravi,0.14999999999999997,0,54,137
Jenish_Aryal,0.19000000000000003,0,53,149
Sky80830,0.17999999999999983,0,51,0
jeannicolaslunden,0.25999999999999984,0,116,57
JeffNd,0.17999999999999985,0,84,179
MKort,0.1600000000000001,0,33,2
Sathak,0.32999999999999996,0,123,167
jfredia,0.2899999999999995,0,98,213
Sergey_Sidorenko,0.1600000000000001,0,70,239
sekhar3121,0.24000000000000016,0,118,409
jiangxiaotian18,0.3099999999999996,0,197,305
goldbaby999,0.2399999999999999,0,177,375
Marijcke,0.3900000000000004,0,158,216
AdamCurtis3,0.13,0,23,124
priyanka15109,0.12000000000000004,0,25,109
FernandoSaucedoA,0.21000000000000035,0,70,76
EugeniaTM,0.3399999999999999,0,125,222
ArturWons,0.39000000000000024,0,130,73
MatthewReichartz,0.12,0,20,104
Jader_,0.12000000000000008,0,22,121
Scott91,0.1500000000000001,0,31,119
MarcioCorrea,0.7800000000000008,2,287,378
gfreak070,0.3700000000000003,1,154,303
innercity,0.12999999999999992,0,24,126
ShinyaSato,0.99,3,343,243
Ming-Qian,0.17999999999999983,0,53,122
marina_campestrin,0.3399999999999999,0,100,215
Vit_Henych,1.0,0,348,384
darrellthomaswhite,0.8500000000000002,9,304,289
Hillri,0.22000000000000008,0,123,158
astelt32,0.13,0,51,116
joaoh18,0.5799999999999991,2,217,294
jesslopez313,0.4799999999999997,0,163,247
StephenMao,0.75,0,320,426
hankjamo,0.6900000000000003,0,245,322
hsinling,0.12000000000000005,0,83,235
Ianpoco,0.6599999999999991,1,235,347
OCall,0.13,3,23,114
I_Hooper88,0.13999999999999996,0,54,154
Aswatdha,0.11000000000000004,0,19,109
Julian_Krell,0.4600000000000003,0,146,227
NoCurlsintheSquatRack,0.10999999999999999,0,12,107
rpresnal,0.12,0,20,109
vstern,0.9299999999999998,0,320,274
Kant_abhishek,0.3299999999999998,2,124,232
paguilera93,1.0,1,346,1
aaaallll,0.24000000000000013,0,101,213
Dikenwachukwu,0.1600000000000001,0,57,147
PrithviKV,0.11999999999999995,0,21,118
anjaist,0.9799999999999991,0,341,350
darkstarlight,0.17999999999999985,0,84,207
Tushar116,0.24000000000000019,0,69,101
thatlittleboy,0.18999999999999997,0,56,130
IanGrahamParker,0.12,0,20,110
jaime007,0.30999999999999983,0,82,187
htandogdu,0.7199999999999993,0,262,364
Clue_Less,0.7100000000000006,0,277,274
iguna,0.5100000000000001,0,186,141
Andrew-Cheung,0.33,0,88,188
yuhosu,0.1600000000000001,0,55,244
E4_S2,0.1500000000000002,0,63,150
BoilerSteve,0.1100000000000001,0,21,113
tsangstudent,0.11000000000000001,0,18,84
gerlachpc,0.4100000000000001,0,132,218
gperjak,0.7899999999999994,0,288,331
Sai-ABhishek,1.0,3,345,461
surabhigarg,0.36,0,117,213
nddv95,0.23,0,64,66
anilsasi,0.33,0,96,193
bnlchris,0.6000000000000009,5,232,73
Benjamin_Lowe,0.62,0,224,292
Jschmidt1105,0.13,0,25,117
v_k_singh,0.46000000000000046,0,158,264
gottfrieds71,0.5799999999999992,1,204,238
alexgt95,0.16999999999999996,0,65,144
AndyCheng810,0.5100000000000002,0,188,42
africantwain,0.11000000000000001,0,12,92
clarizzabraza,0.29,0,79,31
li77wei,0.7899999999999994,0,312,416
KyleJH,0.18999999999999997,0,55,137
JackWilker,0.16999999999999996,0,46,30
RoselindeZanen,0.4400000000000002,1,143,159
Chaitanya61,0.16999999999999996,0,119,108
generatorgawl,0.21,0,130,49
mjmahaveerk,0.12000000000000009,0,39,111
Snehil10,0.12000000000000006,0,23,116
Lee_Kwok_Wai,0.15000000000000005,0,70,175
NATU4U,0.12999999999999992,1,23,121
shahhardik1,0.28000000000000014,0,93,254
ceren_n,0.2000000000000001,0,59,61
TonySallas,0.13,0,32,94
MattRyn,0.5600000000000002,0,216,295
JRWhite,0.6400000000000003,0,227,278
Freshrr,0.17999999999999997,0,54,152
zeyuzhang19911215,0.23,0,75,156
ksadr,0.15000000000000005,0,42,133
uhsang,0.6899999999999998,0,251,341
ImreSz,0.6199999999999998,0,215,170
avieli,0.12000000000000009,0,134,405
Jim_Hordern,0.11,1,13,37
cagla_darici,0.4200000000000008,0,157,264
MartinBaumann,0.9800000000000003,0,334,414
h_jawwad,0.14000000000000007,0,27,135
gerardhevey,0.10999999999999997,0,49,146
Stephanie_Schoerner,0.42,0,135,230
AlexBlacke858,0.16999999999999996,0,37,78
Sinkor,0.17,0,43,1
Chudomir,0.1899999999999999,1,58,147
ChamTun,0.2799999999999999,0,94,124
KarenBlissett,0.31,1,92,68
butus,0.12000000000000009,0,23,119
prbuckley,0.12000000000000004,0,19,114
cesarniyo,0.6400000000000003,0,250,364
Kaitensatsuma42,0.4600000000000004,2,151,50
ksjksj,1.0,0,348,412
SidneyWang,0.18000000000000005,0,45,43
marc54321,0.12000000000000008,0,25,131
Danjo5,0.30000000000000016,0,80,166
chandrahas95,0.3200000000000002,0,96,231
nicolehoefer,0.2000000000000001,0,61,163
nvosko,0.16999999999999996,0,90,397
ab2werty,0.9900000000000001,124,340,112
SebastianLeong,0.12000000000000008,0,20,82
lumueller,0.25999999999999984,0,73,141
bartint,0.4800000000000003,0,162,254
Bandwana,0.2699999999999997,1,137,132
raihanrazi,0.15000000000000016,0,169,263
nastovdime,0.880000000000001,0,297,440
KhaledAlida8b,0.40000000000000013,0,126,229
Sully002,0.11,0,19,76
peretzcl,0.9699999999999998,0,339,410
Esvaber,0.6099999999999997,0,227,327
J-Lynch,1.0,0,346,299
muhlbauer,1.0,1,345,89
gm9311815,0.12000000000000009,0,22,115
GrayWarpaint,0.18000000000000005,0,44,118
Agster123,0.7299999999999989,0,286,420
crobin21,0.44000000000000045,0,155,262
Davehaas602,0.18000000000000002,0,47,153
jackyxue,0.2,0,131,207
newme3117,0.16000000000000006,0,31,122
gerritg90,0.33,0,96,184
Bud01,0.3600000000000001,2,115,209
KartikJoshi94,0.5900000000000005,0,213,329
Onedone,0.24000000000000013,0,77,31
p4elka-nata,0.4499999999999995,0,144,240
CorneliaWagner,0.48000000000000037,0,165,227
dwmc2,0.24,2,101,59
cyhn,0.34999999999999987,0,115,0
WayneSG,0.5499999999999997,4,220,290
scheckel,0.12999999999999992,0,23,121
88cloudbreak,0.11,0,19,101
jannelahteenmaki,0.39999999999999947,0,162,185
abhisohu,0.12,0,22,80
kelpo122,0.3399999999999999,0,126,354
onegm,0.37999999999999995,0,133,134
LevfromRussia,0.2200000000000001,0,120,266
jdiet,0.22000000000000003,0,72,35
knabity,0.3999999999999998,1,128,219
AndyWalou,0.8200000000000002,15,294,370
sturdyLearner,0.18999999999999997,0,54,70
amandajo,0.16999999999999996,0,34,121
WilVelasquez,0.59,1,213,162
Irenejeevakumari,0.39000000000000024,1,124,24
gopikris,0.22,0,66,150
EricTX,0.18000000000000002,0,44,131
AdipJ,0.6199999999999999,0,277,292
CJerome,0.39000000000000007,0,119,3
Lancester,0.23000000000000032,0,135,245
Youngy180,0.12000000000000002,0,18,99
bogac80,0.20000000000000012,0,50,134
FranRomeroRojo,0.21999999999999992,0,63,148
Mr_Scott-C,0.2699999999999997,0,71,170
StephenSol,0.33,0,87,159
SamarthPandey,0.6499999999999992,2,276,445
araedavis,0.28999999999999954,0,84,120
Geysers,0.42000000000000004,0,150,250
Vaxxent,0.16999999999999996,0,50,34
Hiighdee,0.17999999999999997,0,45,138
NanBu0705,1.0,0,343,413
ooisp,0.15999999999999998,3,61,164
ram13ll,0.4499999999999995,0,155,257
AngeloTheodorakis,0.16999999999999998,0,41,27
kdmpx,0.13,0,36,121
michael272,0.12,0,39,29
Eyoyo,0.12000000000000009,0,22,130
jamccray,0.9000000000000002,0,326,69
Linospa,0.21000000000000008,0,65,112
naveenmanwani,0.25999999999999984,0,99,14
Anusha_B_K,0.8599999999999995,0,305,370
Atul-Mishra,0.10999999999999997,0,58,155
gabrielpreston,1.0,9,346,381
xuyou,0.9900000000000004,0,341,428
StevenCaristinos,0.16999999999999996,0,50,140
Astronick117,0.23000000000000026,0,62,135
BehnazTajallizade,0.4100000000000001,0,146,252
dweintraub1005,0.23,0,62,15
Marc222,0.3999999999999997,0,130,251
MarkWaddell,0.24000000000000016,0,68,188
Zarkoff,0.7399999999999998,11,290,391
KyleWood85,0.24000000000000013,0,75,131
Sohota,0.11,0,12,44
BJohnson77,0.12000000000000009,0,22,124
SSadowski,0.12999999999999995,0,22,113
mleeatl,0.44000000000000017,2,145,230
Touell01,0.12000000000000008,0,17,46
Carrow13,0.1799999999999999,0,46,141
xiey14,0.5100000000000006,0,245,351
abenbrahim94,0.16999999999999996,0,36,125
parsed,0.13999999999999996,0,27,121
Psych0cat,0.26,0,78,162
KomalNadeem,0.2599999999999999,0,105,159
chasesjr,0.30000000000000027,0,106,210
rashmi_mishra151,0.6099999999999998,1,224,308
AllenWade,0.23000000000000026,0,66,81
Faustein,0.12000000000000009,0,20,186
Naera,0.18999999999999997,0,53,6
arcosa,0.40000000000000024,0,180,375
murt579,0.5300000000000005,1,203,284
moniprii,0.17,0,36,49
danielw157,0.23000000000000032,0,65,147
meta_box,0.23,0,92,184
TanYanShen,0.6799999999999998,0,242,71
Tan_Pham,0.11000000000000003,0,12,88
a82377151,0.12000000000000008,0,43,161
MilindAgarwal,0.33,0,97,189
Mahreen_Athar,0.12000000000000006,0,23,118
cricketgrady,0.5399999999999994,0,218,472
AbdemanaafGhadiali,0.12000000000000008,0,43,241
caveman-mancaves,0.24000000000000013,0,69,165
yannkeep,0.8200000000000002,0,310,382
KariSaa,0.42999999999999977,0,195,203
Anabeth,0.9700000000000001,12,341,415
Varlemond,0.18000000000000005,0,43,125
Jesus_Afonso,0.9799999999999986,1,333,427
andresfgm123,0.1100000000000001,0,18,101
milikkan,0.6099999999999997,0,216,313
gSsammy,0.12000000000000009,0,20,118
joeyho,0.16000000000000006,0,36,97
davidstillhere,0.8699999999999991,0,314,446
haorunchahed,0.19999999999999998,0,61,305
Hannes_T,0.16999999999999996,0,43,131
Erich94,0.16999999999999996,0,35,103
las37,0.8799999999999998,1,295,42
LaurenPalmerd84c,0.13,0,21,113
Maggie_Wu,0.16999999999999996,0,61,3
michaelbelfanti,0.6700000000000007,0,238,324
alina_susoykina,0.39000000000000035,0,131,242
MatteoRaso,0.25,0,74,66
Lanooba,0.11000000000000008,0,17,97
gabrielmisa,0.12000000000000009,0,23,131
Tulanelh,0.66,0,298,406
Priyanka_Wania,0.16999999999999996,0,36,118
nezardghayes,0.2699999999999999,0,158,266
yes2code,0.17999999999999994,0,52,156
Neelufar,0.1799999999999999,0,38,35
RDvinge,0.38,0,120,198
Avinash21533,0.4600000000000004,0,154,33
baesoyeon,0.18999999999999997,0,55,146
mmark55912,0.3999999999999996,0,134,238
Lutful_Kabir,0.9799999999999992,0,329,371
ValeriyaDanileyko,0.13999999999999987,0,27,70
JohnnyMogo,0.16999999999999996,0,35,132
fatvvslouis,0.3900000000000001,0,124,238
Mtare,0.5199999999999997,0,178,251
kuritaro,0.62,0,225,315
adammago,0.3999999999999996,0,126,234
ngalfard,0.9600000000000007,0,338,471
JamiePaul,0.12000000000000004,0,23,95
Excommunicater,0.12999999999999992,0,32,127
sohan22,0.4699999999999998,0,106,94
ArmirKeta,0.12000000000000005,0,21,108
Matpel10,0.39999999999999986,7,127,270
TiagojsRodrigues,0.2599999999999999,0,59,222
nyoder11,0.16999999999999996,0,48,119
R1Cisco,0.28999999999999987,0,82,167
YHodgskin,0.25,0,83,177
EvanKeever,0.3599999999999998,0,118,176
alzhou,0.29999999999999993,0,89,187
rosenqvisttero,0.11,0,49,125
Arklur,0.8800000000000001,0,315,408
JonathanBertram,0.7000000000000004,0,307,544
Bishal_,0.4899999999999994,0,205,385
nibarcelona08,0.4,0,124,210
ssokolic,0.32999999999999996,0,98,201
janbryan,0.18000000000000005,0,46,134
Thamjieying,0.15999999999999998,0,32,127
abiolaoloye,0.4,0,126,243
miguelh7201,0.13,0,23,121
16891212916,0.7100000000000006,0,262,373
RKumar3550,0.18000000000000002,0,42,125
schleprx7,0.5900000000000001,0,211,295
mylmok,0.6599999999999994,2,247,359
StaTo,0.25999999999999984,0,128,347
BubaG,0.11,0,12,76
IsmayilRzayev,0.12999999999999992,0,69,218
LexNine,0.46000000000000024,0,145,239
Gavriloviceva,0.16999999999999998,0,35,117
RAMANCHAUDHARY,0.25999999999999984,2,248,398
Udivya,0.14999999999999997,0,39,108
JulianGomez17,0.3399999999999999,0,157,257
Adillon60,0.22,0,48,123
PatricioInfante,0.9899999999999999,0,342,374
Funnylife,0.9200000000000013,3,328,544
WilliamSheeren,0.58,0,250,285
AshLaRue,0.25,0,68,31
Bolt52,0.16999999999999998,0,38,116
meghashyamc,0.42000000000000043,0,136,233
mohammedrowad,0.32000000000000006,0,99,178
Keerthana34,0.2300000000000003,1,68,84
venmasangcay,0.20000000000000007,0,58,158
AnandEcon,0.16,0,37,335
siddhartha89,0.12999999999999992,0,85,187
mbroglio,0.44000000000000017,0,161,146
SamarpanChakraborty,0.6099999999999997,0,249,319
Nasifparvez,0.11000000000000001,0,69,131
sam3014,0.24000000000000019,0,76,20
Arleg,0.15,0,31,2
cleggett,0.14999999999999997,0,37,161
nish18,0.25999999999999984,0,82,194
Ash-D,0.9200000000000009,0,339,215
bds4513,0.3200000000000002,0,142,259
lloprest246,0.4200000000000006,0,173,196
clhubert,0.2200000000000001,0,61,158
OmriAmir_111,0.23000000000000004,0,61,109
Sebastian_Garcia_G,0.33,0,94,177
Polyhedral_dice,0.17,0,37,105
sumin07,0.84,0,332,89
stim8r,0.3200000000000002,1,147,262
sharar_awsaf,0.4899999999999997,0,178,305
sadhnamishra1304,0.19999999999999998,0,61,65
Hoai-Pham,0.9699999999999993,3,328,417
Noah_Magnus,0.11000000000000001,0,19,97
vinayks7696,0.6099999999999998,0,268,402
deepak19928759,0.18,0,48,136
WadeTsai58,0.36999999999999994,0,151,251
tanusa99,0.6799999999999998,1,287,359
EdCamp,0.5099999999999999,2,205,275
ebakermusic,0.16999999999999998,0,41,131
jeevapradeep,0.8500000000000009,0,318,300
jjackiee,0.9299999999999998,0,342,208
J_Knight,0.4000000000000002,0,130,228
TreyPankratz,0.14,0,25,1
WillOak,0.2200000000000002,0,74,327
ppreuss,0.25,0,72,140
GoGators123,0.15000000000000002,0,106,209
JGSProx,0.6499999999999995,1,259,354
JakePacker,0.21,0,87,147
KelseyStiles,0.12,0,20,111
AndrewGoulding,0.13,0,23,118
Cristian_L,0.9000000000000002,0,318,393
okradog,0.1799999999999999,0,51,125
Sshannon,0.29999999999999993,0,84,173
jillianchiam,0.17999999999999988,0,58,149
SjkumarIndia,0.59,0,269,366
GeorgeVaideanu,0.34999999999999976,2,115,218
kjfisher35,0.39,0,119,37
gurmz,0.91,0,321,207
VikramSinghBisht,0.7899999999999995,1,293,354
eta2sec,0.2300000000000002,0,70,4
PhilBrannon,0.29,0,121,235
HelenHYung,0.5700000000000002,0,205,263
nikossa1908,0.41000000000000003,0,133,224
MondoWC,0.5,0,210,256
Akshaj,0.39999999999999986,0,134,246
BenGatchell,0.3399999999999999,0,100,206
vizn,0.23,0,75,145
LiLi123,0.11000000000000001,0,18,14
Keatykat,0.2699999999999997,0,91,222
ailin123,0.12000000000000008,0,25,129
dunnenator,0.3900000000000003,0,130,248
prpearce,0.4900000000000001,0,155,9
ojgarciamoreno,0.24000000000000019,0,67,122
Apisca,0.18,0,45,126
AnthonyAtticus,0.12000000000000008,0,23,121
Isabella_G,0.3900000000000003,0,120,213
azhang15,0.23,0,65,5
cstung101,0.38999999999999996,1,154,266
dipesh90,0.40000000000000013,1,132,224
babowman2,0.15000000000000016,0,54,160
2tbarros2,0.16999999999999996,0,37,126
bhargavnariyani,0.25999999999999995,0,94,209
SharonKWallace,0.11000000000000001,0,16,89
akshaysharma93,0.25999999999999984,0,82,185
EDPG,0.12000000000000004,0,22,112
ChristineT89,0.33,0,97,203
Makesh_Madhavakurup,0.11000000000000006,0,68,124
Rubmarque,0.7899999999999995,5,300,293
zaccluett,0.9899999999999995,0,340,416
rgrullon,0.10999999999999997,0,22,45
TreeU,0.12999999999999995,0,23,131
Giang_Nguyen86,0.24000000000000016,0,63,33
Lazycnt,0.21,0,60,291
Debasis8258,0.12000000000000002,0,22,107
annacarolrodrigues,0.10999999999999997,0,20,122
Gurlich,0.12999999999999992,0,56,98
jameslxy,0.22000000000000006,0,78,224
jkuniklo,0.9699999999999995,0,334,289
ElohimGuevara,0.2300000000000003,0,64,151
Quaan,0.8599999999999995,0,309,217
ericsamv,0.2300000000000003,0,109,209
mayank1972,0.42,0,187,316
RichAlbert4456,0.12999999999999992,0,48,147
krystianwarda,0.11,0,23,116
OkwukweEwurum,0.38000000000000006,3,122,77
yussef_,0.12999999999999992,0,73,23
smeetpatel_,0.19999999999999998,0,52,148
shohini96,0.3399999999999999,0,107,218
joanmanuelmbrito,0.39999999999999997,9,141,292
Anas96Salha,0.10999999999999999,0,12,10
vaishali30,0.19999999999999998,0,40,60
OsamaAhmadadf6,0.21,0,77,166
Oluwandabira,0.17999999999999997,0,53,2
Ed1211,0.3100000000000001,6,101,212
savithakoothan,0.5,0,172,273
RonnellCanada,0.11,0,45,134
IshaSlavin,0.12000000000000009,0,23,105
Rygu,0.8100000000000003,0,335,345
yukosuzuki2007,0.5,5,230,106
yhchitale,0.3900000000000003,0,121,164
-Blair-,0.42,0,146,261
nerassifi,0.18000000000000002,0,51,84
bhaktinerkar29,0.43000000000000005,0,137,222
Lana_Van,0.3200000000000002,0,88,163
behan94,0.9499999999999996,1,330,420
dpendleton22,0.3999999999999998,0,145,169
MarcosColon,0.2000000000000001,0,56,81
BossBrew,0.29999999999999993,1,85,164
ParkWatson,0.12999999999999998,0,23,118
omarmohamedsaladin,0.4699999999999998,0,158,252
NickGartsu,0.24000000000000019,1,69,141
ebrown1337,0.3399999999999999,0,99,203
ysfslm66,0.3599999999999999,0,182,253
Tomasz_Goszczynski,0.5300000000000001,1,180,277
cyriacjens92,0.10999999999999997,0,12,91
biplab192,0.7199999999999995,17,286,358
Tung-ChinWu,0.8000000000000004,1,314,415
ChristopherDespres,0.6099999999999997,0,225,315
Dfuen,0.33,0,131,95
ozaga,0.16999999999999996,0,38,124
KLMcKinnon1024,0.75,0,301,374
Muntuck,0.59,0,208,286
Crashbuster,0.1799999999999999,0,44,63
kraikov,0.29,0,79,61
Oliver_HB,0.22,0,62,0
Lrburke0,0.5100000000000001,0,176,182
Christina_G,0.16999999999999996,0,132,268
sahi007,0.3699999999999997,0,119,237
ColinSpencely,0.24000000000000002,0,66,49
EmyrHumphreys,0.12000000000000006,0,22,116
njoektshong,0.31000000000000016,0,130,246
AkshanshGupta,0.33999999999999997,0,104,145
InfiniteDawn,0.17999999999999994,0,44,5
david4377,1.0,0,348,353
justmcdonough,0.9800000000000001,0,336,376
Ajith2017,0.16000000000000006,0,40,129
Samruddhi_Gangurde,0.9099999999999999,0,338,255
lokhin,0.11,0,18,96
HerberthvanHolst,0.18000000000000002,0,73,149
16kenzok,0.5199999999999997,0,219,186
jporter63,0.14,0,12,3
FredericoPurri,0.24000000000000013,1,87,158
aternes13,0.11000000000000001,0,12,14
wendyyw,0.1600000000000001,0,37,120
Sorrels,0.39000000000000024,0,121,227
aariassanta,0.10999999999999999,0,19,102
Aloicerugut,0.1600000000000001,0,52,165
EdielLopez,0.33,0,95,198
bantaba,0.14999999999999997,0,28,56
MikeRepede,0.11000000000000004,0,23,39
PVGeorge,0.8599999999999997,0,334,409
tomatoming,0.9799999999999998,0,345,385
harry_zheng,0.8699999999999999,1,315,388
malkin71_,0.20000000000000007,0,56,132
db0330,0.23000000000000026,0,71,153
forsan,0.11000000000000004,0,18,95
Dule_N,0.4699999999999998,0,182,283
Jose-l-montalvo,0.12,0,20,104
nspann,0.95,0,338,317
gladmandube1,0.12000000000000006,0,20,8
Avi_Slavin,0.12999999999999992,0,22,29
stienstraw,0.3900000000000002,0,122,216
Jspringer1992,0.12999999999999995,0,25,123
divyanshu4236,0.4699999999999999,1,160,196
jlilly365,0.3399999999999999,2,128,201
thomasdenham,0.6000000000000005,2,229,346
A_Chen_91,0.46,0,150,47
Norbert_B,0.25,0,68,171
PWvanZalm,0.11000000000000004,0,20,103
JasonPDX,0.16999999999999998,0,48,150
J_McCartney,0.8599999999999999,0,310,365
Kittsr,0.11,0,21,116
gmacie,0.8599999999999997,4,319,420
lianejd,0.4100000000000001,1,162,199
A_Strahl,0.6400000000000003,0,267,105
TristanMoss-Vazquez,0.24000000000000016,0,71,156
eitana,0.11000000000000003,0,12,38
Akansh_Bharadwaj,0.16999999999999998,1,49,113
ChristianRay_Ramos,0.15000000000000002,0,60,209
TanayS,0.12999999999999992,0,71,311
JefferyT,0.25,0,73,168
ssekharan,0.4299999999999998,0,210,8
Zukunft92,0.1799999999999999,1,55,154
tmccutcheon,0.30000000000000016,0,212,205
ishanka_mani,0.13,0,23,0
Jul104,0.13,0,24,119
mickiharris,0.16000000000000006,0,33,104
Nenad_Obradovic,0.11000000000000003,0,17,101
PvsHarshith,0.24,1,74,164
lfournier,0.30999999999999983,0,82,25
yichenyu,0.4000000000000002,0,132,229
jenasaykwa,0.12000000000000008,0,20,110
dickchan,0.8999999999999992,1,327,251
NataliaG93,0.17,0,37,2
GregAnziliero,0.11,0,19,100
AhmedEl-dabli,0.4299999999999998,0,148,296
KSAITEJA,0.21,0,63,142
K2K2,0.13,0,23,7
ediuk,0.12000000000000009,0,134,344
astlaurent,0.16999999999999998,0,38,90
Claudio_Lanzetta,0.29999999999999993,0,82,132
priyansh0327,0.1600000000000001,0,176,280
ManiTPaulose,0.33,0,107,227
aneud,0.6999999999999995,0,248,148
Catherine_Cioffi,0.8799999999999998,0,316,333
ileefman,0.33,0,106,215
JosephJohnson6d9d,0.19000000000000017,0,63,109
UtkarshNawalgaria,0.20000000000000007,0,68,30
akbar_alikhan,0.6700000000000007,3,265,347
Olemyk,0.23000000000000007,0,63,148
annalinhberg,0.11000000000000004,0,17,93
JungwooPark,0.7800000000000005,3,285,310
ramyai,0.25,0,128,234
N_Tushar,0.12000000000000004,0,23,118
BipulPandey,0.4100000000000001,0,137,185
Bilang11,0.87,0,314,399
frystak,0.33,0,94,192
Leah_Hurwich_Adler,0.10999999999999997,0,19,66
EphraimAigbefo,0.6400000000000003,22,256,92
ChaosLiu,0.9800000000000003,0,339,409
Min_W,0.19000000000000014,0,86,192
emurban,0.12000000000000005,0,22,109
Joy_success,0.8000000000000004,1,348,395
mukeshchugani10,0.8800000000000001,0,320,386
Edutlv,0.16999999999999996,0,47,104
charles_2206,0.4299999999999998,0,173,386
JackLv,0.12000000000000006,0,21,118
cnk77,0.3399999999999999,1,107,218
menah9,0.2300000000000001,0,63,154
cmkoch5,0.11,0,15,93
racheta09,0.29,0,81,152
AnirudhVadduri,0.44999999999999973,0,173,228
shvmjh941,0.75,9,261,371
tbrace91,0.27,0,75,158
EDavidvanrhede,0.39999999999999997,0,129,224
Brishty_Som,0.4499999999999998,0,144,76
snehaagarwal536,0.3699999999999997,0,132,7
murthyn,0.14000000000000007,0,61,125
KimE17,0.4100000000000001,0,153,141
PengX,0.28000000000000014,0,72,164
KrizR,0.19999999999999998,0,62,124
shreya_sub,0.9200000000000008,0,324,351
erussell08,0.9899999999999994,3,340,249
Sunny_Agrawal,0.9299999999999998,0,340,418
averatu,0.25,3,67,171
Athul_raj_ktr,0.6000000000000001,0,210,293
iburki,0.23000000000000004,0,62,145
Richardwilliams1262,0.19000000000000006,0,51,145
pokeshit,0.5099999999999999,0,235,340
indraiyer,0.17999999999999997,0,50,4
mokrunka,0.4000000000000002,0,128,74
VaibhavAgrawal5982,0.17999999999999997,0,86,202
sharanshinduja,0.24000000000000013,0,179,158
meg_oflynn,0.3200000000000001,0,98,160
Abhi_G,0.11000000000000004,0,23,117
junior555toto,0.18999999999999997,1,71,79
TroutSteak,0.4399999999999999,0,237,103
ahadiputra,0.38000000000000006,0,174,231
sarveshcooky26,0.12999999999999998,0,23,117
Urtica,0.11,1,20,99
naveed1964,0.47000000000000014,0,206,268
gaishvaryaa,0.11,0,18,1
amruteshunni3,0.12,0,22,59
iodous,0.12999999999999995,0,46,141
grisha_bandodkar,0.9899999999999994,0,341,183
AquibJawed7623,0.21,0,193,281
M_i_k_e23,0.33,0,148,268
MarkoPantic,0.18999999999999997,0,53,121
ADemian96,0.31,0,88,6
Ly_Harriet_Bui,0.22000000000000003,0,62,147
leah24,0.11,0,18,0
ShrikarM,0.1400000000000001,0,32,95
aliciasueyee,0.12999999999999995,0,23,23
nishgopal27,0.16999999999999996,0,114,246
soukainaa,0.4500000000000001,0,141,231
mbonney,0.23000000000000012,0,67,155
BRizzo456,0.18000000000000002,5,46,143
janbiv2,0.5600000000000004,0,211,268
cllebyo,0.25999999999999984,0,77,134
L_P_K_Pascal,0.3399999999999999,0,105,214
ClaraMarina,0.15999999999999998,0,39,280
LissaKimble,0.14999999999999997,0,29,44
allyrice,0.14999999999999997,0,29,16
18bpacker,0.16999999999999996,0,40,128
JD64,0.16999999999999998,0,53,124
PHYSICS_IIT,0.39000000000000007,0,133,149
vhs816,0.11,0,18,103
biokpc,0.12999999999999992,0,120,306
touchdestroyer,0.19000000000000009,0,70,125
MonsterCro,0.10999999999999999,0,22,107
Jared_Haviland,0.5099999999999999,0,200,277
Jason_Konrad,0.2599999999999999,0,69,178
keanu_kuhn,0.3399999999999999,0,106,214
physics11,0.26,0,71,100
prosiri,0.47000000000000014,0,185,274
ctzhu33,0.5600000000000003,4,237,317
brendansaurus,0.11000000000000001,0,12,4
TomaszMach,0.4100000000000001,0,173,259
sandeepmady94,0.33,0,88,183
mboada,0.29,0,87,185
amt_mara,0.3399999999999999,0,104,211
vijayasharma1989,0.33,0,97,204
jjstarA113,0.23000000000000018,0,86,179
lshumate,0.49000000000000016,2,199,175
IGBearcat,0.5700000000000001,0,206,279
GizmosAndChocolate,0.32,0,84,30
Eirik_steinland,0.25,0,71,180
berkaybarlas,0.17,0,44,37
cesitaraguayo,0.4100000000000001,0,159,217
John_Ag,0.18000000000000005,0,58,105
VTrolia,0.62,1,249,221
OGNO,0.5700000000000002,0,234,297
sohaiby2s,0.44000000000000006,0,196,272
_maryam012,0.33,0,205,187
WalterH1,0.18999999999999997,0,109,229
hemanthshah,0.11000000000000004,0,16,76
iftach1,0.17999999999999997,0,123,152
LyraHall,0.29,0,95,3
xlana,0.14000000000000004,0,39,81
BosunAni,0.16999999999999998,0,39,123
jared_nelson,0.11,0,13,91
_Quang_,0.17,0,42,112
Sneha_C,0.16,0,38,85
KeyiGimpel,0.6799999999999998,0,287,323
Poyi_Lee,0.8100000000000004,0,322,417
ZanneBekirovic,0.29999999999999993,0,97,204
megniemczyk,0.11000000000000003,0,36,128
cbflicker,0.11000000000000004,0,66,107
RithwikSeth,0.15999999999999998,0,32,58
jwm0016,0.29999999999999993,0,87,89
Riya_Pradhan,0.11000000000000004,0,20,112
Jellyfishpowder,0.16,0,62,158
taztinky,0.12,0,21,112
kindest,0.20000000000000004,0,52,169
carrujb,0.11,0,16,18
juansoto2,0.14000000000000004,0,27,127
Aymee_Garcia,0.4800000000000002,0,206,284
Jacker_Wang,0.23,0,117,215
cbphillips2,0.11,0,19,31
noonywoony,0.11000000000000003,0,52,151
MihirTyagi,0.35000000000000003,0,208,283
nobdy01,0.6899999999999997,0,323,84
cmnaylor,0.16999999999999998,0,34,54
kjw8c,0.39999999999999997,0,145,218
tngyq,0.39999999999999997,0,161,241
SamLaz,0.17,0,38,12
ShaharDamri,0.12000000000000002,0,37,121
AdenC,0.16999999999999996,0,79,171
TonyKonge1e4,0.33,0,122,219
iamqixun,0.46,0,174,231
geldajuhi95,0.11000000000000001,0,12,68
yubbles,0.14000000000000004,0,49,127
Arta2106,0.15999999999999998,0,47,139
Cheng-YuChen,0.17999999999999997,0,145,252
17jink,0.23000000000000004,0,88,95
YanlongSun,0.23000000000000004,0,86,175
missmika,0.11,0,72,155
dashamyh743a,0.18999999999999997,0,152,276
salman5388,0.13,0,54,53
Stephen_B_Hope,0.16999999999999998,0,101,217
AndrewMc13,0.18999999999999997,0,54,129
VoortmanS,0.25,0,101,202
Manutd_10,0.12,0,99,98
